question,answer,original_question,original_answer,quality_score_q,quality_score_a,avg_quality,language,category
Kodi bajeti ndi chiyani?,Bajeti ndi dongosolo lomwe limawonetsa momwe mungagwiritsire ntchito ndikusunga ndalama zanu.,What is a budget?,A budget is a plan that shows how you will spend and save your money.,1.0,1.0,1.0,Chichewa,Budgeting & Saving
Chifukwa chiyani kuthandizidwa kuli kofunikira?,"Zimakuthandizani kuti muchepetse kugwiritsa ntchito ndalama, pewani ngongole, ndikusunga zosowa zamtsogolo.",Why is budgeting important?,"It helps you control spending, avoid debt, and save for future needs.",0.44999999999999996,0.95,0.7,Chichewa,Budgeting & Saving
Kodi 50/30/20 ndi chiyani?,"Amalimbikitsa kugwiritsa ntchito ndalama 50% pazosowa, 30% za akufuna, ndi 20% pakusunga ndalama.",What is the 50/30/20 rule?,"It suggests using 50% of income for needs, 30% for wants, and 20% for savings.",0.44,0.5897435897435896,0.5148717948717948,Chichewa,Budgeting & Saving
Kodi ndiyenera kuwunika kangati bajeti yanga?,Unikani kamodzi pamwezi kuti muwone ngati muli panjira.,How often should I review my budget?,Review it at least once a month to check if you are on track.,1.0,0.5428571428571428,0.7714285714285714,Chichewa,Budgeting & Saving
Kodi pali kusiyana kotani pakati pa zosowa ndi akufuna?,Zosowa ndizofunikira ngati chakudya ndi renti. Akufuna ndi zowonjezera ngati zosangalatsa.,What is the difference between needs and wants?,Needs are essentials like food and rent. Wants are extras like entertainment.,0.8,0.62,0.71,Chichewa,Budgeting & Saving
Kodi ndingayambitse bwanji kupulumutsa ndi ndalama zochepa?,"Yambani pang'ono, ngakhale ndi ndalama zochepa tsiku lililonse, ndipo muzilimbitsa chizolowezi.",How can I start saving with a low income?,"Start small, even with a few coins daily, and build the habit.",0.6666666666666667,0.6,0.6333333333333333,Chichewa,Budgeting & Saving
Kodi ndichifukwa chiyani kuli koyenera kukhazikitsa zofunika pa moyo?,Zolinga zimakupatsirani chidwi ndi kuwongolera ndalama zanu.,Why is it good to set savings goals?,Goals give you motivation and direction for your money.,0.375,0.8,0.5875,Chichewa,Budgeting & Saving
Kodi thumba ladzidzidzi ndi liti?,Ndi ndalama zopulumutsidwa kuti zisawonongeke ngati matenda kapena kuwonongeka kwa ntchito.,What is an emergency fund?,It is money saved for unexpected expenses like illness or job loss.,1.0,0.4666666666666667,0.7333333333333334,Chichewa,Budgeting & Saving
Kodi ndiyenera kusunga ndalama zadzidzidzi ndiyenera bwanji?,Cholinga cha miyezi 3-6 ya ndalama zothandizira.,How much should I keep in an emergency fund?,Aim for 3–6 months of essential expenses.,0.8,0.3428571428571428,0.5714285714285714,Chichewa,Budgeting & Saving
Kodi ndalama zozama ndi ziti?,Ndi ndalama zochepa zokhazikika nthawi zonse pazomwe zakonzedwa ngati ndalama zakusukulu.,What are sinking funds?,They are small savings set aside regularly for planned expenses like school fees.,0.35,0.13846153846153847,0.24423076923076922,Chichewa,Budgeting & Saving
Chifukwa chiyani ndiyenera kusunga musanagwiritse ntchito?,Kusunga kaye kumakuthandizani kuti muchepetse ndalama pambali zisanachitike.,Why should I save before spending?,Saving first ensures you keep money aside before it disappears on spending.,0.9,0.7,0.8,Chichewa,Budgeting & Saving
Kodi Chiwongola dzanja ndi chiani?,Ndizosangalatsa zomwe zimapezeka pazosunga zanu zoyambirira komanso chidwi chowonjezeredwa.,What is compound interest?,It is interest earned on both your original savings and the interest already added.,0.85,0.5846153846153846,0.7173076923076923,Chichewa,Budgeting & Saving
Chifukwa chiyani kuyambitsa koyambirira kumasungira ndalama?,"M'mbuyomu mumayamba, ndalama zanu zimakula pakapita nthawi.",Why is starting early important for savings?,"The earlier you start, the more your money grows over time.",0.2571428571428571,0.9400000000000001,0.5985714285714285,Chichewa,Budgeting & Saving
Kodi kuli bwino kupulumutsa kunyumba kapena kubanki?,"Banki ndi yotetezeka ndipo ingakupatseni chidwi, mosiyana ndi kupulumutsa kunyumba.",Is it better to save at home or in a bank?,"A bank is safer and may pay you interest, unlike saving at home.",0.8909090909090909,0.8615384615384616,0.8762237762237762,Chichewa,Budgeting & Saving
Kodi Gulu Losunga Ndi Chiyani?,Gulu pomwe mamembala amasungira ndalama limodzi ndikubwereketsa wina ndi mnzake.,What is a savings group?,A group where members pool money together and lend to each other.,0.48,0.95,0.715,Chichewa,Budgeting & Saving
Kodi ngozi zopulumutsa kunyumba ndi ziti?,"Ndalamazo zitha kubadwa, kutayika, kapena kugwiritsa ntchito mosavuta.",What are the risks of saving at home?,"The money can be stolen, lost, or spent too easily.",0.925,0.76,0.8425,Chichewa,Budgeting & Saving
N 'chifukwa Chiyani Tiyenera Kutsatira Ndalama?,Ndalama zotsatila zimakuthandizani kudziwa komwe ndalama zanu zimapita.,Why keep track of expenses?,Tracking expenses helps you know where your money goes.,0.12,0.6666666666666667,0.39333333333333337,Chichewa,Budgeting & Saving
Kodi ndi bata lotani?,Zimatanthawuza kukonzekera Kwacha ndalama iliyonse yomwe palibe amene amasiyidwa osavomerezeka.,What is zero-based budgeting?,It means planning every kwacha of income so none is left unaccounted for.,0.3,0.23076923076923078,0.2653846153846154,Chichewa,Budgeting & Saving
Chifukwa Chiyani Ndalama Zosunga?,Zosasinthika zokha zimapangitsa kuti zikhale zosavuta komanso zogwirizana.,Why automate savings?,Automatic transfers make saving easier and more consistent.,0.8,0.22499999999999998,0.5125,Chichewa,Budgeting & Saving
Kodi bajeti ndi chiani?,Ndipamene ndalama zanu ndizoposa zomwe mwawononga.,What is a budget surplus?,It is when your income is more than your expenses.,0.76,0.85,0.8049999999999999,Chichewa,Budgeting & Saving
Kodi kuchepa kwa bajeti ndi chiyani?,Ndi momwe ndalama zanu ndizokwera kuposa zomwe mumapeza.,What is a budget deficit?,It is when your expenses are higher than your income.,1.0,0.5333333333333333,0.7666666666666666,Chichewa,Budgeting & Saving
Kodi ndalama zimathandiza bwanji kulima?,"Amapereka ndalama za nthangala, zida, ndi feteleza panthawi yoyenera.",How do savings help in farming?,"They provide money for seeds, tools, and fertilizer at the right time.",0.3,0.95,0.625,Chichewa,Budgeting & Saving
Kodi kuchedwa kumachitira ndi chiyani?,Zikutanthauza kukana pang'ono zomwe akufuna kuti mukwaniritse zolinga zazikulu pambuyo pake.,What is delayed gratification?,It means resisting small wants today to reach bigger goals later.,0.35,0.5272727272727272,0.4386363636363636,Chichewa,Budgeting & Saving
Kodi mabanja angatani?,Ayenera kukambirana ndalama ndi kuvomereza zofunika kwambiri.,How can families budget together?,They should discuss income and agree on priorities openly.,0.24,0.26666666666666666,0.2533333333333333,Chichewa,Budgeting & Saving
Ndi zida ziti zomwe zingathandize popanga bajeti?,"Mutha kugwiritsa ntchito mabuku, mapulogalamu am'manja, kapena ma boloni osavuta.",What tools can help in budgeting?,"You can use notebooks, mobile apps, or simple spreadsheets.",0.9,0.6666666666666667,0.7833333333333334,Chichewa,Budgeting & Saving
Kodi banki ndi chiyani?,"Ndi malo otetezeka kuti musunge ndalama, zoperekedwa ndi mabanki.",What is a bank account?,"It is a safe place to keep money, offered by banks.",0.4933333333333333,0.9454545454545454,0.7193939393939394,Chichewa,Banking & Mobile Money
Chifukwa chiyani kugwiritsa ntchito banki m'malo mwa ndalama kunyumba?,Banks amasunga ndalama zotetezeka ndipo amatha kulipira chidwi.,Why use a bank instead of cash at home?,Banks keep money safe and may pay interest.,1.0,0.925,0.9625,Chichewa,Banking & Mobile Money
Ndalama zam'manja ndi chiyani?,"Ndi ntchito yomwe imalola kutumiza, kulandira, ndi kusunga ndalama pogwiritsa ntchito foni.",What is mobile money?,"It is a service that allows sending, receiving, and storing money using a phone.",1.0,0.8615384615384616,0.9307692307692308,Chichewa,Banking & Mobile Money
Kodi ndimatsegula bwanji akaunti yakubanki?,Pitani ku banki yokhala ndi ID ndi zikalata zofunika ngati umboni wokhala.,How do I open a bank account?,Visit a bank with ID and required documents like proof of residence.,1.0,0.8,0.9,Chichewa,Banking & Mobile Money
Kodi Akaunti Yosunga Ndalama Ndi Chiyani?,Ndi akaunti yakubanki yopangidwa kuti isunge ndalama ndikupeza chidwi.,What is a savings account?,It is a bank account designed to keep money and earn interest.,1.0,0.9,0.95,Chichewa,Banking & Mobile Money
Kodi khadi la ATM ndi liti?,Ndi khadi yomwe imagwiritsidwa ntchito kuti ichotse ndalama zamakina kapena kulipira pakompyuta.,What is an ATM card?,It is a card used to withdraw money from cash machines or pay electronically.,0.8,0.7809523809523808,0.7904761904761904,Chichewa,Banking & Mobile Money
Kodi banki ndi chiyani?,Amalipira Banks amalipira ndalama ngati zochotsa kapena kukonza akaunti.,What are bank charges?,They are fees banks charge for services like withdrawals or account maintenance.,0.55,0.75,0.65,Chichewa,Banking & Mobile Money
Chifukwa chiyani ziwinda ndizofunikira mu ndalama zam'manja?,Pini imateteza akaunti yanu kuchokera ku mwayi wosagwiritsidwa ntchito.,Why are PINs important in mobile money?,A PIN protects your account from unauthorized access.,0.7809523809523808,1.0,0.8904761904761904,Chichewa,Banking & Mobile Money
Kodi ndiyenera kuchita chiyani ndikayiwala pini yanga?,Pitani ku banki yanu kapena ogulitsa mafoni kuti mukonzenso bwinobwino.,What should I do if I forget my PIN?,Visit your bank or mobile provider to reset it safely.,1.0,0.62,0.81,Chichewa,Banking & Mobile Money
Kodi ndingasunge pogwiritsa ntchito ndalama zam'manja?,"Inde, othandizira ambiri amapereka ndalama zosungiramo zinthu zosangalatsa.",Can I save using mobile money?,"Yes, many providers offer savings wallets with interest.",1.0,0.5666666666666667,0.7833333333333333,Chichewa,Banking & Mobile Money
KYC ikubanki?,Zikutanthauza kuti 'kudziwa malamulo a kasitomala anu omwe amafunikira ID kuti atsegulidwe akaunti.,What is KYC in banking?,It means 'Know Your Customer' rules that require ID for account opening.,0.64,0.65,0.645,Chichewa,Banking & Mobile Money
Chifukwa chiyani sindiyenera kugawana ndi pini yanga?,Kugawana zikhomo kumathandizira kuti ena athe kupeza ndalama zanu popanda chilolezo.,Why should I not share my ATM PIN?,Sharing PINs allows others to access your money without permission.,0.775,0.6799999999999999,0.7275,Chichewa,Banking & Mobile Money
Kodi chidwi ndi chiyani?,Ndi ndalama zowonjezera kubanki kumakulipirani kuti musunge ndalama.,What is interest on savings?,It is the extra money the bank pays you for keeping money with them.,0.3733333333333333,0.5666666666666667,0.47,Chichewa,Banking & Mobile Money
Kodi mafoni am'manja ndi chiyani?,"Ndikugwiritsa ntchito foni yanu kuti muwone bwino, sinthani ndalama, kapena kulipira ngongole kudzera pa pulogalamu ya kubanki.",What is mobile banking?,"It is using your phone to check balance, transfer money, or pay bills via a bank app.",0.15,0.6549019607843137,0.4024509803921569,Chichewa,Banking & Mobile Money
Kodi ndingateteze bwanji akaunti yanga yazantchito?,"Sungani chinsinsi chanu, pewani ma wi-fi, ndikuyang'ana mauthenga mosamala.",How do I protect my mobile money account?,"Keep your PIN secret, avoid public Wi-Fi, and check messages carefully.",0.4,0.3818181818181818,0.3909090909090909,Chichewa,Banking & Mobile Money
Kodi ndingabwereke ndalama pogwiritsa ntchito ndalama?,"Inde, ena opereka ena amalola ngongole zazing'ono kudzera mu mafoni am'manja.",Can I borrow money using mobile money?,"Yes, some providers allow small loans through mobile wallets.",0.6952380952380952,0.8,0.7476190476190476,Chichewa,Banking & Mobile Money
Kodi ndi zochuluka motani?,"Ndi pamene banki imakupatsani mwayi wowononga kuposa momwe muli nazo, ndi chiwongola dzanja.",What is an overdraft?,"It is when the bank allows you to spend more than you have, with interest charges.",0.35,0.92,0.635,Chichewa,Banking & Mobile Money
Chifukwa chiyani ndiyenera kulandira zochitika?,Ndi chitsimikizo ngati pali zolakwa kapena zolakwika.,Why should I keep receipts of transactions?,They are proof in case of disputes or errors.,0.2571428571428571,0.4,0.32857142857142857,Chichewa,Banking & Mobile Money
Kodi banki yogwirizana ndi iti?,Ndi banki ya mamembala ake omwe amagwiritsa ntchito ntchito zake.,What is a cooperative bank?,It is a bank owned by its members who also use its services.,0.76,0.85,0.8049999999999999,Chichewa,Banking & Mobile Money
Kodi chimachitika ndi chiyani ndikataya khadi yanga ya ATM?,Nenani ku bankiyo kuti muletse ndikupewa chinyengo.,What happens if I lose my ATM card?,Report to the bank immediately to block it and avoid fraud.,0.8,0.76,0.78,Chichewa,Banking & Mobile Money
Kodi Agency Banking?,Imalola mabanki kuti azigwiritsa ntchito mashopu kapena othandizira kuti apereke chithandizo choyambira.,What is agency banking?,It allows banks to use shops or agents to provide basic banking services.,1.0,0.95,0.975,Chichewa,Banking & Mobile Money
E-Banking?,Ndi banki yochitidwa pakompyuta kudzera pamakompyuta kapena mafoni am'manja.,What is e-banking?,It is banking done electronically through computers or mobile phones.,0.6,1.0,0.8,Chichewa,Banking & Mobile Money
Kodi dongosolo ndi lotani?,Ndilangizo ku banki yanu kuti mulipire ndalama zokha.,What is a standing order?,It is an instruction to your bank to make regular payments automatically.,0.44,0.36363636363636365,0.40181818181818185,Chichewa,Banking & Mobile Money
Chifukwa chiyani mabille a mafoni ali otchuka?,"Ndiwobwino, mwachangu, ndipo safuna kuyendera banki.",Why are mobile wallets popular?,"They are convenient, quick, and do not require visiting a bank.",0.56,0.5636363636363636,0.5618181818181818,Chichewa,Banking & Mobile Money
Kodi kuphatikizidwa kwachuma ndi chiyani?,Zimatanthawuza kukhala ndi mwayi wopeza ndalama zothandiza ngati ndalama ndi ngongole.,What is financial inclusion?,It means having access to useful financial services like savings and loans.,0.8,0.39999999999999997,0.6,Chichewa,Banking & Mobile Money
Kodi ogula amateteza chiyani?,Imawonetsetsa makasitomala amachitiridwa zinthu mwachilungamo komanso osazunzidwa ndi omwe amapereka ndalama.,What is consumer protection in finance?,It ensures customers are treated fairly and not exploited by financial providers.,0.7,0.75,0.725,Chichewa,Consumer Protection & Fraud Awareness
Chifukwa chiyani kuwerenga mawu a ngongole musanasainine?,"Kumvetsetsa chiwongola dzanja, chindapusa, ndi zilango kotero kuti mupewe zodabwitsa.",Why read loan terms before signing?,"To understand interest rates, fees, and penalties so you avoid surprises.",1.0,0.9454545454545454,0.9727272727272727,Chichewa,Consumer Protection & Fraud Awareness
Kodi milandu yobisika ndi yotani?,"Sali ndalama sizifotokozedwa momveka bwino, monga kukonzanso.",What are hidden charges?,"They are costs not clearly explained, such as processing fees.",0.8,0.56,0.68,Chichewa,Consumer Protection & Fraud Awareness
Kodi ndingafotokozere bwanji zachinyengo?,"Lumikizanani ndi banki yanu, wogulitsa mafoni, kapena wowongolera nthawi yomweyo.",How do I report fraud?,"Contact your bank, mobile provider, or regulator immediately.",1.0,0.925,0.9625,Chichewa,Consumer Protection & Fraud Awareness
Kodi Kufatsa Ndi Chiyani?,Ndiwosambitsa komwe akunyenga akupusitsa kuti mumve zambiri ngati zikhomo.,What is phishing?,It is a scam where fraudsters trick you into giving personal details like PINs.,0.39999999999999997,0.3904761904761904,0.39523809523809517,Chichewa,Consumer Protection & Fraud Awareness
Chifukwa chiyani sindiyenera kugawana ndi otps?,Mapasiwedi amodzi ndi zinsinsi; Kugawana kumapangitsa kuti akuba abweretse ndalama zanu.,Why should I not share OTPs?,One-Time Passwords are secret codes; sharing them lets thieves steal your money.,0.8,0.7,0.75,Chichewa,Consumer Protection & Fraud Awareness
Kodi ngongole ndi chiyani?,Ndi pamene obwereketsa obwereketsa chiwongola dzanja kwambiri kwambiri.,What is loan sharking?,It is when informal lenders charge extremely high interest rates unfairly.,0.3,0.5636363636363636,0.43181818181818177,Chichewa,Consumer Protection & Fraud Awareness
Chifukwa chiyani onani mawu anu a banki?,"Kuwona zolakwitsa, milandu yolakwika, kapena zochitika zachinyengo.",Why check your bank statements?,"To spot errors, wrong charges, or fraudulent activities.",0.88,0.7,0.79,Chichewa,Consumer Protection & Fraud Awareness
Kodi chinsinsi cha data ndi chiyani?,Zikutanthauza kusunga zambiri zanu komanso zachuma.,What is data privacy in finance?,It means keeping your personal and financial information safe.,0.5,1.0,0.75,Chichewa,Consumer Protection & Fraud Awareness
Kodi Ndiyenera Kuchita Chiyani Ndikatha?,Nenani ku banki yanu kapena ogwiritsa ntchito kuti akonzedwe.,What should I do if I am overcharged?,Report to your bank or consumer protection authority for correction.,0.5428571428571428,0.56,0.5514285714285714,Chichewa,Consumer Protection & Fraud Awareness
Chifukwa Chiyani Pewani Kugawana Mafoni Mukamagwiritsa Ntchito Ndalama?,Ena atha kupeza akaunti yanu kapena pini popanda chilolezo.,Why avoid sharing phones when using mobile money?,Others may access your account or PIN without permission.,0.575,1.0,0.7875,Chichewa,Consumer Protection & Fraud Awareness
Kodi kubadwa ndi chiyani?,Zimachitika munthu akamagwiritsa ntchito tsatanetsatane wanu kuti atsegule maakaunti kapena kubwereketsa ndalama.,What is identity theft?,It happens when someone uses your personal details to open accounts or borrow money.,0.5,0.6047619047619047,0.5523809523809524,Chichewa,Consumer Protection & Fraud Awareness
Kodi Ndingadziwe Bwanji SMS SMS?,"Khalani osamala mauthenga omwe amapereka mphotho, zopempha mwachangu, kapena kufunsa zikhomo.",How can I recognize a scam SMS?,"Be cautious of messages offering prizes, urgent requests, or asking for PINs.",0.3428571428571428,0.75,0.5464285714285714,Chichewa,Consumer Protection & Fraud Awareness
Kodi ndichifukwa chiyani mapangano alinkhulidwe?,Chifukwa chake ogula amamvetsetsa ufulu wawo ndi ntchito zawo momveka bwino.,Why should contracts be in plain language?,So consumers understand their rights and duties clearly.,0.2857142857142857,0.7250000000000001,0.5053571428571428,Chichewa,Consumer Protection & Fraud Awareness
Kodi nthawi yozizira ndi chiyani?,Amakupatsani nthawi kuti muchepetse mgwirizano popanda chilango.,What are cooling-off periods?,They give you time to cancel a contract without penalty.,0.35,0.6799999999999999,0.5149999999999999,Chichewa,Consumer Protection & Fraud Awareness
Kodi ndichifukwa chiyani kuwerenga zachuma kumalumikizidwa?,"Mukadziwa zambiri, muyenera kuimitsidwa.",Why is financial literacy linked to protection?,"The more you know, the less likely you are to be cheated.",0.3428571428571428,0.32,0.3314285714285714,Chichewa,Consumer Protection & Fraud Awareness
Kodi okonza amathandiza bwanji ogula?,"Amakhazikitsa malamulo, kuwongolera kwa woyang'anira, ndi kulanga mopanda chilungamo.",How do regulators help consumers?,"They set rules, monitor providers, and punish unfair practices.",0.6799999999999999,0.4666666666666667,0.5733333333333333,Chichewa,Consumer Protection & Fraud Awareness
Kodi Chikumbutso Ndi Chiyani?,Ndi njira yothetsera kusagwirizana pakati pa makasitomala ndi othandizira.,What is dispute resolution?,It is a way to solve disagreements between customers and providers.,0.5,0.6909090909090909,0.5954545454545455,Chichewa,Consumer Protection & Fraud Awareness
Chinyengo ndi chiyani?,Chinyengo chake ndi chosakhulupirika kuba kapena kugwiritsa ntchito ndalama molakwika.,What is fraud?,Fraud is dishonest activity to steal or misuse money or identity.,1.0,0.38,0.69,Chichewa,Consumer Protection & Fraud Awareness
Bwanji Musapewe Kupereka Zambiri pa TV?,Achinyengo amatha kugwiritsa ntchito chidziwitsocho kuti andipukusa kapena kuba ndalama zanu.,Why avoid giving details on social media?,Fraudsters can use that information to trick you or steal your money.,0.5428571428571428,0.95,0.7464285714285714,Chichewa,Consumer Protection & Fraud Awareness
Kodi piramidi ndi chiyani?,Ndi ndalama zonama zomwe zimalipira mamembala akale ndi ndalama kwa atsopano.,What is a pyramid scheme?,It is a fake investment that pays old members with money from new ones.,0.56,0.47619047619047616,0.5180952380952382,Chichewa,Consumer Protection & Fraud Awareness
Kodi ndikudziwa bwanji ngati ndalama zake ndizabwino kwambiri?,"Ngati kubwerera sikumachitika kapena kukakamizidwa kuli kwakukulu, ndikosavuta.",How do I know if an offer is too good to be true?,"If returns are unrealistic or pressure is high, it is likely a scam.",0.47692307692307695,0.25,0.3634615384615385,Chichewa,Consumer Protection & Fraud Awareness
N 'chifukwa Chiyani Tiyenera Kuchenjeza SpS Scres?,Amakuthandizani kusintha zochitika nthawi yomweyo ndikuzindikira zachinyengo.,Why keep SMS alerts active?,They help you track transactions instantly and detect fraud.,0.32,0.6,0.45999999999999996,Chichewa,Consumer Protection & Fraud Awareness
Kodi sabata latsopano ndi liti?,Ndikudziwitsa za kupezeka kwa oyang'anira ndi ma NGO kuti aphunzitse ogula.,What is financial literacy week?,It is an awareness campaign run by regulators and NGOs to educate consumers.,0.44,0.4307692307692308,0.43538461538461537,Chichewa,Consumer Protection & Fraud Awareness
Ndani amateteza ogula m'Malawi?,Reserve banki of Malawi ndi mayanjano ogula amagwira madandaulo.,Who protects consumers in Malawi?,The Reserve Bank of Malawi and consumer associations handle complaints.,1.0,1.0,1.0,Chichewa,Consumer Protection & Fraud Awareness
Kodi kuwerenga kwa ndalama za digito ndi chiyani?,Ndi kuthekera kugwiritsa ntchito zida zama digito ngati mapulogalamu am'manja ndi uscd moyenera pandalama.,What is digital financial literacy?,It is the ability to use digital tools like mobile apps and USSD safely for money matters.,0.56,0.4235294117647059,0.491764705882353,Chichewa,Digital Financial Literacy
Kodi ndichifukwa chiyani kuwerenga kwa manambala kuli kofunikira?,Zimakuthandizani kupeza ntchito zachuma pamakono mosamala komanso molimba mtima.,Why is digital literacy important?,It helps you access modern financial services securely and confidently.,0.56,0.62,0.5900000000000001,Chichewa,Digital Financial Literacy
KODI NDI CHIYANI?,Ndi nambala yochepa yomwe mumayimba foni yanu kuti mugwiritse ntchito ndalama zam'manja popanda intaneti.,What is a USSD code?,It is a short code you dial on your phone to use mobile money without internet.,0.44,0.775,0.6075,Chichewa,Digital Financial Literacy
Kodi chikwama cha digito ndi chiani?,Ndi pulogalamu kapena akaunti yomwe imasunga ndalama pakompyuta pazolipira.,What is a digital wallet?,It is an app or account that stores money electronically for payments.,0.8,0.9,0.8500000000000001,Chichewa,Digital Financial Literacy
Chifukwa chiyani kusintha mapulogalamu anu?,Zosintha zimapangitsa nsikidzi ndikusintha chitetezo.,Why update your apps?,Updates fix bugs and improve security.,0.5,1.0,0.75,Chichewa,Digital Financial Literacy
Kodi chinsinsi cholimba ndi chiyani?,"Ndi yayitali, yapadera, komanso yosavuta kulingalira.",What is a strong password?,"It is long, unique, and not easy to guess.",0.6799999999999999,0.6666666666666667,0.6733333333333333,Chichewa,Digital Financial Literacy
Why avoid public Wi-Fi for transactions?,Wil Wi-Fi ndi osatetezeka komanso obera akhoza kuba deta yanu.,Why avoid public Wi-Fi for transactions?,Public Wi-Fi is unsafe and hackers may steal your data.,0.0,0.42,0.21,Chichewa,Digital Financial Literacy
Kodi chitsimikizo chachiwiri ndi chiani?,Imawonjezera gawo lowonjezera ngati nambala yotumizidwa pafoni yanu kuti iteteze.,What is two-factor authentication?,It adds an extra step like a code sent to your phone for more security.,0.5,0.43999999999999995,0.47,Chichewa,Digital Financial Literacy
Chifukwa Chiyani Kutulutsidwa Ntchito?,Zimalepheretsa ena kuti apeze akaunti yanu pazida zogawidwa.,Why log out after transactions?,It prevents others from accessing your account on shared devices.,0.12,1.0,0.56,Chichewa,Digital Financial Literacy
Chinyengo cham'mayendedwe ndi chiyani?,Ndi kuba kapena kusamba komwe kumachitika pogwiritsa ntchito mafoni a m'manja.,What is mobile fraud?,It is theft or scams carried out using mobile phones.,0.85,0.42,0.635,Chichewa,Digital Financial Literacy
Kodi nchifukwa ninji choyambira choyambira chiri chofunikira?,Imateteza ndalama zanu ndi zomwe zimasiyidwa ndi zomwe akubera.,Why is cybersecurity important?,It protects your money and personal data from hackers.,0.44999999999999996,0.8,0.625,Chichewa,Digital Financial Literacy
Kodi mapazi a digito ndi ati?,"Ndi mbiri ya zochitika zanu zapaintaneti, kuphatikizapo zochitika.",What are digital footprints?,"They are records of your online activities, including transactions.",0.8,0.26666666666666666,0.5333333333333333,Chichewa,Digital Financial Literacy
Kodi ndimayang'ana bwanji ngati pulogalamu yachuma ili yotetezeka?,Tsitsani kokha kuchokera ku masitolo ovomerezeka ndikuwerenga ndemanga.,How do I check if a financial app is safe?,Download only from official stores and read reviews.,0.9400000000000001,0.7250000000000001,0.8325,Chichewa,Digital Financial Literacy
Kodi simputa yanji?,Ndipamene amasamutsa nambala yanu ku SIM kuti muba ndalama.,What is SIM swap fraud?,It is when fraudsters transfer your number to another SIM to steal money.,0.12,0.6,0.36,Chichewa,Digital Financial Literacy
Chifukwa chiyani ndiyenera kubwezera foni yanga?,Chifukwa chake simutaya zambiri zachuma ngati foni yatayika.,Why should I back up my phone?,So you do not lose important financial data if the phone is lost.,0.6285714285714286,0.5692307692307692,0.5989010989010989,Chichewa,Digital Financial Literacy
Kodi OTP ndi chiani?,Mawu achinsinsi a nthawi imodzi ndi code yomwe yatumizidwa kuti mutsimikizire zomwe mwachita.,What is an OTP?,A one-time password is a code sent to confirm your transaction.,0.6499999999999999,1.0,0.825,Chichewa,Digital Financial Literacy
Bwanji osadina maulalo okayikitsa?,Amatha kutsogolera ku malo abodza omwe amaba zambiri.,Why not click suspicious links?,They may lead to fake sites that steal your information.,0.8,0.6799999999999999,0.74,Chichewa,Digital Financial Literacy
Kodi kuphatikizidwa kwa digito ndi chiyani?,Zimatanthawuza kuti aliyense ali ndi ntchito zotsika mtengo komanso za digito.,What is digital inclusion?,It means everyone has access to affordable internet and digital services.,0.8,0.6363636363636364,0.7181818181818183,Chichewa,Digital Financial Literacy
Kodi ndimaphunzira bwanji maluso azachuma?,"Pitani ku malo ochitiranjidwe, gwiritsani ntchito malangizo ogwirizana, ndipo yesetsani ndi zochepa.",How do I learn digital finance skills?,"Attend workshops, use official guides, and practice safely with small amounts.",0.6285714285714286,0.21818181818181817,0.42337662337662335,Chichewa,Digital Financial Literacy
Kodi ngongole yam'manja ndi chiyani?,Ndipamene ma spommers amapukusirani kuti mupereke zambiri zobera ngongole zam'manja m'dzina lanu.,What is mobile loan fraud?,It is when scammers trick you into giving details to steal mobile loans in your name.,0.56,0.3,0.43000000000000005,Chichewa,Digital Financial Literacy
Chifukwa chiyani kusunga mapulogalamu kusinthidwa?,Kusangalala ndi mawonekedwe atsopano ndi zoteteza.,Why keep apps updated?,To enjoy new features and security protections.,0.6499999999999999,0.6285714285714286,0.6392857142857142,Chichewa,Digital Financial Literacy
Kodi kutsimikizika kwa biometric?,Imagwiritsa ntchito chala chanu kapena nkhope yanu kuti mutsimikizire kudziwika.,What is biometric authentication?,It uses your fingerprint or face to confirm identity.,0.8,0.7333333333333334,0.7666666666666667,Chichewa,Digital Financial Literacy
Kodi ndimalemba bwanji zachinyengo zam'manja?,Itanani kuthandizira kwa Wogulitsa kapena kuchezera ofesi yawo nthawi yomweyo.,How do I report mobile money fraud?,Call your provider’s helpline or visit their office immediately.,0.3428571428571428,0.6,0.4714285714285714,Chichewa,Digital Financial Literacy
Chifukwa Chiyani Muyenera Kuwerenga Zidziwitso za SMS Mosamala?,Amatsimikizira zochitika zenizeni ndikuthandizira kuzindikira zachinyengo mwachangu.,Why read SMS alerts carefully?,They confirm real transactions and help detect fraud quickly.,0.6799999999999999,0.8666666666666667,0.7733333333333333,Chichewa,Digital Financial Literacy
Kodi ukadaulo wachuma ndi uti? Fintech)?,Zimatanthawuza kugwiritsa ntchito ukadaulo kuti musinthe ndalama ngati banki.,What is financial technology (fintech)?,It means using technology to improve financial services like banking and payments.,0.56,0.5,0.53,Chichewa,Digital Financial Literacy
Kodi mndandanda ndi chiyani?,Malangizo ndichinthu chomwe mumalonjeza kuti munthu abwerere kuti ateteze ngongole; Wobwereketsa akhoza kugulitsa ngati simubweza. [Gwero: banki World],What is collateral?,Collateral is something you pledge to a lender to secure a loan; the lender may sell it if you do not repay. [Source: World Bank],0.39999999999999997,0.6,0.5,Chichewa,Credit & Loans
Kodi chiwongola dzanja ndi chiani?,"Mlingo wa chiwongola dzanja ndi mtengo wobwereka ndalama, akuwonetsedwa ngati ngongole ya ngongole chaka chilichonse. [Zoyambitsa: IMF]",What is an interest rate?,"An interest rate is the cost of borrowing money, shown as a percentage of the loan each year. [Source: IMF]",0.88,0.9,0.89,Chichewa,Credit & Loans
Kodi apr ndi chiyani?,APR (kuchuluka kwa pachaka) kumaphatikizapo zolipiritsa kuphatikiza kuwonetsa mtengo wowoneka bwino pachaka. [Dzuwa: Ogwiritsa Ntchito Ogula],What is APR?,APR (Annual Percentage Rate) includes the interest rate plus fees to show the true yearly cost of a loan. [Source: Consumer Protection Authority],0.8,0.24545454545454545,0.5227272727272727,Chichewa,Credit & Loans
Kodi kubweza ngongole kumagwira ntchito bwanji?,Kubwezeretsanso kwanyengo kumawonetsa kuchuluka ndipo masiku omwe amabwezeranso ndi chidwi pakapita nthawi. [Gwero: CGAPE],How do loan repayment schedules work?,Repayment schedules show amounts and dates to repay principal and interest over time. [Source: CGAP],0.19999999999999998,0.3571428571428571,0.2785714285714285,Chichewa,Credit & Loans
Kodi microovoan ndi chiani?,"Ma microloan ndi ngongole yaying'ono, nthawi zambiri kwa ogonana kapena mabizinesi ang'onoang'ono, nthawi zambiri amakhala ndi mawu achidule. [Gwero: Wonjezerani / IF.]",What is a microloan?,"A microloan is a small loan, often for entrepreneurs or small businesses, usually with short terms. [Source: Grameen/IFC]",0.44999999999999996,0.85,0.6499999999999999,Chichewa,Credit & Loans
Kodi kusakhazikika kumatanthauza chiyani?,Kusasintha kumachitika pamene wobwereketsa amalephera kupereka ndalama zomwe avomerezedwa. [Gwero: banki World],What does default mean?,Default happens when a borrower fails to make the agreed loan payments. [Source: World Bank],0.6499999999999999,0.6,0.625,Chichewa,Credit & Loans
Kodi ndingapeze ngongole?,"Ngongole zambiri zimalola kuyikapo, koma yang'anani ndalama zolipirira musanalame koyambirira. [Dzuwa: Ogwiritsa Ntchito Ogula]",Can I prepay a loan?,"Many loans allow prepayment, but check for prepayment fees before paying early. [Source: Consumer Protection Authority]",0.6799999999999999,0.42250000000000004,0.55125,Chichewa,Credit & Loans
Kodi ngongole ndi chiyani?,Ngongole yobwereketsa ndi kutalika kwa nthawi yomwe muyenera kubweza ngongole. [Dzuwa: Chitsogozo cha banki],What is loan tenure?,Loan tenure is the length of time you have to repay a loan. [Source: Bank guidance],0.3,0.85,0.575,Chichewa,Credit & Loans
Kodi guarantir ndi chiyani?,Woyang'anira amalonjeza kuti abweze ngongole ngati wobwereketsa sangathe; Sankhani wina amene amamvetsetsa zoopsa. [Gwero: CGAPE],What is a guarantor?,A guarantor promises to repay the loan if the borrower cannot; choose someone who understands the risks. [Source: CGAP],0.6499999999999999,0.8941176470588235,0.7720588235294117,Chichewa,Credit & Loans
Kodi ndingatani kuti ndikhale ndi ngongole yanga?,"Sungani mbiri yabwino, onetsani ndalama zokhazikika, muzipanga ndalama, ndikupewa ngongole zambiri zomwe zilipo. [Gwero: banki World]",How can I improve my chances of getting a loan?,"Keep good records, show steady income, build savings, and avoid too much existing debt. [Source: World Bank]",0.64,0.5929411764705883,0.6164705882352941,Chichewa,Credit & Loans
Kodi kubwereketsa kumagulu ndi chiyani?,Kubwereketsa kwa gulu kumalola mamembala kuti abwereke monga gulu ndikugawana udindo wobwezera. [Gwero: Mabuku a ndalama zazing'ono],What is group lending?,Group lending allows members to borrow as a group and share responsibility for repayment. [Source: Microfinance literature],0.8,0.8450000000000001,0.8225,Chichewa,Credit & Loans
Kodi Mozimiya Ngongole Ndi Chiyani?,"Wootata ya nthawi yayitali amaimitsa kubweza ngongole, nthawi zambiri pamavuto; Chidwi chikhozabebe. [Dzuwa: Chitsogozo cha banki banki]",What is a loan moratorium?,"A moratorium temporarily suspends loan repayments, often during crises; interest may still accrue. [Source: Central Bank guidance]",0.64,0.4784313725490196,0.5592156862745098,Chichewa,Credit & Loans
Kodi mbiri yosavomerezeka ndi chiyani?,Ngongole yosasungidwa ndi ngongole popanda mgwirizano ndipo nthawi zambiri zimakhala ndi chiwongola dzanja chachikulu. [Zoyambitsa: IMF],What is unsecured credit?,Unsecured credit is a loan with no collateral and usually higher interest rates. [Source: IMF],0.3,0.56,0.43000000000000005,Chichewa,Credit & Loans
Kodi ngongole yotetezedwa ndi chiyani?,"Ngongole yotetezedwa imathandizidwa ndi mgwirizano, nthawi zambiri kupereka chiwongola dzanja chochepa. [Gwero: banki World]",What is secured credit?,"Secured credit is backed by collateral, often giving lower interest rates. [Source: World Bank]",0.44999999999999996,0.6257142857142857,0.5378571428571428,Chichewa,Credit & Loans
N'chifukwa Chiyani Kufanizira Ngongole?,Kuyerekeza zopereka kumakuthandizani kupeza mtengo wotsika kwambiri komanso mawu abwino kwambiri pazomwe mungachite. [Dzuwa: Ogwiritsa Ntchito Ogula],Why compare loan offers?,Comparing offers helps you find the lowest cost and best terms for your situation. [Source: Consumer Protection Authority],0.7,0.39999999999999997,0.5499999999999999,Chichewa,Credit & Loans
Upangiri ndi chiyani?,Upangiri wa Ufulu umakuthandizani kuthana ndi ngongole ndikukonzekera kuti alangizi ophunzitsidwa. [Gwero: NGO / OGWIRA NTCHITO],What is credit counseling?,Credit counseling helps you manage debt and plan repayments with trained advisors. [Source: NGO/Consumer services],0.3,0.4,0.35,Chichewa,Credit & Loans
Kodi bungwe la ndalama zazing'ono (MFI) ndi liti?,MFI imapereka ngongole zazing'ono ndi ntchito zazachuma kuti zisawonongeke. [Gwero: CGAPE],What is a microfinance institution (MFI)?,An MFI provides small loans and financial services to underserved people. [Source: CGAP],1.0,0.8153846153846154,0.9076923076923077,Chichewa,Credit & Loans
Kodi ndalama zolipirira zolipira zimagwira bwanji ntchito?,Malipiro am'mbuyo amalipidwa pamene ndalama zasowa; Zimawonjezera mtengo wanu wonse komanso mbiri yakale ya ngongole. [Gwero: Chitsogozo Chitetezo cha Ogula],How do late payment fees work?,Late fees are charged when payments are missed; they increase your total cost and harm credit history. [Source: Consumer protection guidance],0.7,0.5366666666666666,0.6183333333333333,Chichewa,Credit & Loans
Kodi kubwezeretsa ngongole ndi chiyani?,Kubwezeretsa kumasintha ngongole za ngongole ngati miyala kapena zolipira kuthandiza obwereketsa kubweza. [Zolimbikitsa: banki / Wothandizira],What is loan restructuring?,Restructuring changes loan terms like tenure or payments to help borrowers repay. [Source: Bank/Regulator],0.3,0.5771428571428572,0.4385714285714286,Chichewa,Credit & Loans
Ndikamapewa kubwereka?,Pewani kubwereka ndalama zolipirira tsiku ndi tsiku ngati sungabweze; Gwiritsani ntchito ngongole zogulitsa kapena zofunikira zomwe mungakwaniritse. [Zolimbikitsa: Maphunziro azachuma],When should I avoid borrowing?,Avoid borrowing for everyday expenses if you cannot repay; use loans for investments or urgent needs you can cover. [Source: Financial education NGOs],0.88,0.3142857142857143,0.5971428571428572,Chichewa,Credit & Loans
Kodi inshuwaransi ndi chiyani?,Inshuwaransi imasamutsa mtengo wa chiopsezo kwa inshuwaransi pobweza ndalama zotchedwa ndalama. [Gwero: World banki / IIIS],What is insurance?,Insurance transfers the cost of risk to an insurer in return for regular payments called premiums. [Source: World Bank/IAIS],1.0,0.48070175438596496,0.7403508771929825,Chichewa,Insurance & Risk
Kodi ndalama ndi chiyani?,"Ndalama ndi ndalama zomwe mumalipira, nthawi zambiri mumalipira pamwezi kapena chaka chilichonse, chifukwa cha inshuwaransi. [Gwero: Malangizo Ofowoka]",What is a premium?,"A premium is the amount you pay, often monthly or yearly, for an insurance policy. [Source: Insurer guidance]",0.5,0.5666666666666667,0.5333333333333333,Chichewa,Insurance & Risk
Chodzinenera ndi chiyani?,Kudzinenera kuti kukupemphani kuti mupange inshuwaransi yanu kuti mulipire. [Source: Wothandizira inshuwaransi],What is a claim?,A claim is a request you make to your insurer to pay for a covered loss. [Source: Insurance regulator],0.6499999999999999,0.5,0.575,Chichewa,Insurance & Risk
Kodi Zolemba Zotani?,Zolemba ndi momwe ma inshuwaririre angasankhire mtengo ndi kupezeka. [Dusgion: Makampani a inshuwaransi],What is underwriting?,Underwriting is how insurers assess risk to decide price and coverage. [Source: Insurance industry],0.4,0.37142857142857144,0.38571428571428573,Chichewa,Insurance & Risk
Kodi inshuwaransi ya mphiro ndi chiyani?,Inshuwaransi ya mbewu imathandizira alimi akutayika kuchokera ku nyengo kapena tizirombo tothera. [Zowonjezera: Kuchulukitsa / IFC],What is crop insurance?,Crop insurance helps farmers cover losses from weather or pests for a fee. [Source: Agricultural extension/IFC],0.85,0.5,0.675,Chichewa,Insurance & Risk
Kodi oyeserera ndi chiyani?,Ntchito yoyeserera imagwiritsa ntchito deta kuti iwerengere mitengo yabwino ya inshuwaransi ndi nkhokwe. [Dusgion: Makampani a inshuwaransi],What is actuarial?,Actuarial work uses data to calculate fair insurance prices and reserves. [Source: Insurance industry],0.6,0.7230769230769231,0.6615384615384615,Chichewa,Insurance & Risk
Kodi Co-Labirani mu inshuwaransi yaumoyo ndi chiyani?,Kulipira ndalama ndi ndalama zokhazikika zomwe mumalipira mukalandira chithandizo chamankhwala. [Gwero: Atsogoleri a inshuwaransi azachipatala],What is co-pay in health insurance?,A co-pay is a fixed amount you pay when receiving a medical service. [Source: Health insurer guides],1.0,0.6399999999999999,0.82,Chichewa,Insurance & Risk
Kodi inshuwaransi ya moyo ndi chiyani?,Inshuwaransi ya moyo imapereka phindu kwa odalira anu ngati mumwalira nthawi ya ndalama. [Gwero: Malangizo Ofowoka],What is life insurance?,Life insurance pays a benefit to your dependents if you die during the policy term. [Source: Insurer guidance],1.0,0.7666666666666667,0.8833333333333333,Chichewa,Insurance & Risk
Kodi inshuwaransi ya inshuwaransi yani?,"Inshuwaransi Inshuwaransi imalipira mukakhala ndi vuto ngati mvula kapena zokolola zimagwera pansi pa zomwe zimayambitsa, kupewa kuwunika kwa munthu. [Zoyambitsa: IFAD / IFC]",How does index insurance work?,"Index insurance pays when an index like rainfall or yield falls below a trigger, avoiding individual loss assessment. [Source: IFAD/IFC]",0.52,0.6210526315789474,0.5705263157894738,Chichewa,Insurance & Risk
Chifukwa chiyani werengani mfundo?,Zolemba zomwe inshuwaransi sizingafanane. kuwadziwa kuti apewe zodabwitsa. [Source: Wothandizira inshuwaransi],Why read policy exclusions?,Exclusions list what the insurer will not cover; know them to avoid surprises at claim time. [Source: Insurance regulator],0.3,0.3894736842105263,0.3447368421052631,Chichewa,Insurance & Risk
Kodi ndingayambe bwanji kupulumutsa bizinesi yanga?,"Kupatula ndalama ndi ndalama zanu, khalani ndi zolinga zazing'ono, ndikusunga mbiri yosavuta ya ndalama ndi ndalama. [Zogwedetsa: SM Mtsogoleri]",How can I start saving for my business?,"Separate business and personal money, set small goals, and keep a simple record of income and expenses. [Source: SME guides]",0.925,0.6666666666666667,0.7958333333333334,Chichewa,Small Business & Farming Finance
Kodi likulu la ntchito ndi chiyani?,Likulu logwirira ntchito ndi ndalama zomwe bizinesi imafunikira kuyendetsa tsiku ndi tsiku ngati kugula ndi zolipira. [Sourcen: SMORIST atsogoleri a ndalama],What is working capital?,Working capital is the money a business needs to run daily operations like buying stock and paying staff. [Source: SME finance guides],0.6499999999999999,0.6727272727272727,0.6613636363636364,Chichewa,Small Business & Farming Finance
Kodi alimi angapeze bwanji ngongole?,"Alimi amatha kugwiritsa ntchito njira, ndalama zazing'ono, kapena ngongole za Agri yomwe imawoneka ngati ndalama. [Gwero: Fao / IFAD]",How can farmers access credit?,"Farmers may use cooperatives, microfinance, or agri-loans that consider seasonal income. [Source: FAO/IFAD]",0.88,0.5897435897435896,0.7348717948717949,Chichewa,Small Business & Farming Finance
Kodi Managemerogesicturery?,"Makina oyang'anira oyang'anira amatenga kusowa komanso zinyalala, kukonza ndalama kutuluka. [Gwero: Maphunziro a Bizinesi]",What is inventory management?,"Inventory management tracks stock to avoid shortages and waste, improving cash flow. [Source: Business training]",0.2,0.4,0.30000000000000004,Chichewa,Small Business & Farming Finance
Kodi ndimalipira bwanji?,"Kuwerengera ndalama, onjezerani malire abwino, ndipo yang'anani mitengo yamisika kuti ipange mtengo wopikisana. [Source: SMCARKIT]",How do I price my product or service?,"Calculate costs, add a fair margin, and check local market prices to set a competitive price. [Source: SME toolkit]",0.425,0.5666666666666667,0.49583333333333335,Chichewa,Small Business & Farming Finance
Kodi pulani ya bizinesi ndi iti?,"Dongosolo la bizinesi limafotokoza zomwe bizinesi yanu ingachite, ipanga momwe ingapangire ndalama, komanso momwe zikuyenera kuyamba. [Gwero: SM SMTOMCE]",What is a business plan?,"A business plan explains what your business will do, how it will make money, and how much it needs to start. [Source: SME guidance]",1.0,0.8200000000000001,0.91,Chichewa,Small Business & Farming Finance
Kodi ndingasungitse bwanji ndalama zambiri?,Gwiritsani ntchito ndalama zozama kapena ndalama zazifupi kuti muyike ndalama pambali pa nyengo zodetsa ndi kubzala. [Zolimbikitsa: Kuchulukira kwa ulimi],How can I save for seasonal expenses?,Use sinking funds or short-term savings to set money aside for slow seasons and planting. [Source: Agricultural extension],0.5428571428571428,0.23333333333333334,0.38809523809523805,Chichewa,Small Business & Farming Finance
Kodi Kusanthula Kwa Mtengo Ndi Chiyani?,Imayerekezera phindu lomwe lingachitike chifukwa cha ndalama zake kuti athandizire kusankha zopindulitsa. [Gwero: Maphunziro a Bizinesi],What is cost-benefit analysis?,It compares the expected benefits of a decision to its costs to help choose profitable actions. [Source: Business training],0.6499999999999999,0.4,0.5249999999999999,Chichewa,Small Business & Farming Finance
Kodi Ndingatani Kuti Ndizigwiritsa Ntchito Ndalama Kutuluka?,"Phatikizani ndalama zolipira, sinthani ndalama zosafunikira, ndipo yang'anani ndalama zazifupi ngati zochulukirapo. [Zogwedetsa: SM Mtsogoleri]",How can I manage cash flow shortages?,"Negotiate payment terms, reduce non-essential spending, and look for short-term finance like overdrafts. [Source: SME guides]",0.7428571428571429,0.47500000000000003,0.6089285714285715,Chichewa,Small Business & Farming Finance
Chifukwa Chiyani Tiyenera Kusunga Mabizinesi?,"Zolemba zimakuthandizani kutsatira phindu, perekani misonkho molondola, ndikulemba ngongole. [Gwero: Mphamvu zaulamuliro wa msonkho]",Why keep business records?,"Records help you track profits, pay taxes correctly, and apply for loans. [Source: Tax authority guidance]",0.7,0.575,0.6375,Chichewa,Small Business & Farming Finance
Kodi Kusiyanitsa Ndi Chiyani?,Kusintha kwamphamvu kumatanthauza kufalitsa ndalama pazambiri zoti muchepetse ngozi. [Zogwedetsa: IFC / Zowongolera],What is diversification?,Diversification means spreading money across several investments to reduce risk. [Source: IFC/Investing guides],0.6,0.45641025641025634,0.5282051282051281,Chichewa,Investing basics
Kodi katundu ndi chiyani?,Katundu umayimira gawo limodzi ndipo amatha kulipira ndalama kapena kusintha mtengo. [Duwerutsani: Kuwononga Ndalama],What is a stock?,A stock represents a share in a company and may pay dividends or change in value. [Source: Investing primers],0.5,0.22499999999999998,0.3625,Chichewa,Investing basics
Kodi chomangira ndi chiyani?,Chomangira ndi ngongole yomwe mumapereka ku boma kapena kampani yomwe imalipira chiwongola dzanja. [Duwerutsani: Kuwononga Ndalama],What is a bond?,A bond is a loan you give to a government or company that pays interest over time. [Source: Investing primers],0.6499999999999999,0.6666666666666666,0.6583333333333332,Chichewa,Investing basics
Kodi zoopsa ndi ziti?,"Mavuto amaphatikiza kutaya ndalama, kuchuluka kwa kuchuluka kwa ndalama, ndipo kuwongolera kosauka kwa ndalama. [Zolimbikitsa: Phunziro Phunziro]",What are investment risks?,"Risks include losing money, inflation reducing value, and poor management of investments. [Source: Investor education]",0.44999999999999996,0.3333333333333333,0.3916666666666666,Chichewa,Investing basics
Kodi oyambira ayenera kulipira ndalama zingati?,"Yambani pang'ono, phunzirani, ndipo pewani kupeza ndalama zomwe mukufuna ndalama zofunika. [Dzuwa: Ophunzitsa Zachuma]",How much should beginners invest?,"Start small, learn, and avoid risking money you need for essential expenses. [Source: Financial educators]",0.36,0.52,0.44,Chichewa,Investing basics
Kodi Kusowa Kumakhala Chiyani?,Idayi ndi momwe mungasinthire ndalamazo kukhala ndalama popanda kutayika kwakukulu. [Dumbi: Kuwononga Maupangiri],What is liquidity?,Liquidity is how quickly you can turn an investment into cash without large loss of value. [Source: Investing guides],0.6,0.22105263157894736,0.4105263157894737,Chichewa,Investing basics
Kodi ndalama ndi chiyani?,Thumba la ndalama zogwirizana ndi ndalama zambiri ndalama zogulira mbiri yosiyanasiyana yomwe imayendetsedwa ndi akatswiri. [Zoyambitsa: Ma chitetezo Ordiers],What is a mutual fund?,A mutual fund pools many investors' money to buy a diverse portfolio managed by professionals. [Source: Fund managers],0.44,0.4625,0.45125000000000004,Chichewa,Investing basics
Kodi thumba la penshoni ndi chiani?,Thumba la penshoni limasunga ndalama zolipirira anthu atapuma pantchito. [Gwero: Penshoni Utumiki Woyang'anira],What is a pension fund?,A pension fund saves and invests money to pay people after retirement. [Source: Pension regulator],0.8,0.6952380952380952,0.7476190476190476,Chichewa,Investing basics
N 'chifukwa Chiyani Muyenera Kuletsa Njira Zolemera Zosachedwa?,"Ngati abwereranso kwambiri komanso otsimikizika, ndiye chinyengo; Nthawi zonse kufufuza mosamala. [Dzuwa: Ogwiritsa Ntchito Ogula]",Why avoid get-rich-quick schemes?,"If returns sound too high and guaranteed, it is likely a scam; always research carefully. [Source: Consumer protection authority]",0.5,0.2526315789473684,0.37631578947368416,Chichewa,Investing basics
Kodi Kubwezeretsa Pawiri Kubwezedwa Chiyani?,"Kubwezedwa kwa compound kumatanthauza kuti mumalandira ndalama zonse zomwe muli nazo komanso zomwe zabwerera kale, zikukula bwino kwambiri pakapita nthawi. [Duweruro: Ndalama kuwerenga zachuma]",What is compound return?,"Compound return means you earn returns on both your original investment and previous returns, growing wealth faster over time. [Source: Financial literacy guides]",0.5,0.3391304347826087,0.41956521739130437,Chichewa,Investing basics
Kodi makasitomala aku banki ali ndi ufulu wotani?,"Makasitomala ali ndi ufulu wodziwa zambiri, zolipiritsa zabwino, ndi njira zodandaula; Onani malamulo aomwe amateteza ogula. [Gwero: Wogulitsa]",What rights do bank customers have?,"Customers have rights to clear information, fair charges, and complaint mechanisms; check your country's consumer protection rules. [Source: Regulator]",1.0,0.7157894736842105,0.8578947368421053,Chichewa,Financial Rights & Regulations
Kodi ndimadandaula bwanji ku banki?,"Gwiritsani ntchito madandaulo a kubanki, gwiritsani ntchito makalata, ndikukula ku Regilatetor ngati osakonzedwa. [Dzuwa: Ogwiritsa Ntchito Ogula]",How do I make a formal complaint to a bank?,"Use the bank's complaints process, keep copies of correspondence, and escalate to the regulator if unresolved. [Source: Consumer protection authority]",0.7333333333333334,0.42105263157894735,0.5771929824561404,Chichewa,Financial Rights & Regulations
Kodi Ndondomeko Yophatikizidwa ndi Zachuma Ndi Chiyani?,Ndondomeko zofuna kupatsa anthu ambiri kupeza ntchito zothandiza komanso ndalama zotsika mtengo. [Gwero: banki World],What is financial inclusion policy?,Policies aim to give more people access to useful and affordable financial services. [Source: World Bank],0.36,0.84,0.6,Chichewa,Financial Rights & Regulations
Ndani amayang'anira othandizira ndalama?,Okonzanso kapena mabanki apakati nthawi zambiri amakhazikitsa malamulo kuti ateteze ogwiritsa ntchito ndi ndalama. [Dzuwa: Chitsogozo cha banki banki],Who regulates mobile money providers?,Regulators or central banks often set rules for mobile money to protect users and financial stability. [Source: Central Bank guidance],0.12,0.5789473684210527,0.3494736842105263,Chichewa,Financial Rights & Regulations
Kodi olamulira a ogula amateteza chiyani?,Incncn yomwe imangiriza ikuwongolera makasitomala kuti asamachite zinthu molakwika. [Gwero: Wowongolera Boma],What is a consumer protection authority?,An agency that enforces rules to protect customers from unfair financial practices. [Source: Government regulator],0.6,0.24,0.42,Chichewa,Financial Rights & Regulations
Kodi kuyang'aniridwa ndi ndalama ndi chiyani?,Kuyang'anira oyang'anira makampani azachuma kuti awonetsetse kuti amatsatira malamulo ndikuwachitira makasitomala mwachilungamo. [Zoyambitsa: IMF / World banki],What is financial supervision?,Supervision monitors financial firms to ensure they follow rules and treat customers fairly. [Source: IMF/World Bank],0.8,0.775,0.7875000000000001,Chichewa,Financial Rights & Regulations
N 'chifukwa Chiyani Muyenera Kudziwa Ufulu Wanu Mgwirizano?,Kudziwa maufulu kumakuthandizani kuti musamawonekere ndikudzitchinjiriza ngati mavuto abwera. [Soudzu: Magulu Oteteza Oyendetsa],Why know your contract rights?,Knowing rights helps you spot unfair terms and defend yourself if problems arise. [Source: Consumer protection groups],0.6799999999999999,0.7882352941176471,0.7341176470588235,Chichewa,Financial Rights & Regulations
Kodi anti-ndalama zochotsa ndalama ndi chiyani?,Aml ali ndi malamulo oletsa zigawenga kuchokera kubisala kapena kugwiritsa ntchito ndalama zosaloledwa kudzera pazachuma. [Zogwedetsa: Gulu la Zachuma Ntchito],What is anti-money laundering (AML)?,AML are rules to stop criminals from hiding or using illegal money through financial services. [Source: Financial Action Task Force],0.76,0.28421052631578947,0.5221052631578947,Chichewa,Financial Rights & Regulations
Kodi kutsutsana ndi zanji?,"Ndi njira yothetsera kusagwirizana pakati pa makasitomala ndi othandizira, nthawi zina kudzera mu kusamvana kapena oyang'anira. [Gwero: Wogulitsa]",What is dispute resolution in finance?,"It is a formal process to settle disagreements between customers and providers, sometimes through arbitration or regulators. [Source: Regulator]",0.4,0.5789473684210527,0.48947368421052634,Chichewa,Financial Rights & Regulations
Kodi oyang'anira angathandizenso ndalama zobedwa?,"Ma Resolators amatha kufufuza ndipo nthawi zina amapereka othandizira kuti athe kulipirira makasitomala, koma kuchira sikutsimikiziridwa. [Dzuwa: Ogwiritsa Ntchito Ogula]",Can regulators help recover stolen funds?,"Regulators can investigate and sometimes order providers to compensate customers, but recovery is not guaranteed. [Source: Consumer protection authority]",0.3,0.6771929824561403,0.48859649122807014,Chichewa,Financial Rights & Regulations
Kodi Kuwonongeka ndi Chiyani?,Kusintha kumene kuli mafoni okhudzana ndi foni pomwe ma spommers amakuimbirani kukupusitsani zinsinsi kapena kusamutsa ndalama. [Dzuwa: Kuwongolera kwa Kukhazikika],What is vishing?,Vishing is phone-based phishing where scammers call to trick you into revealing secrets or transferring money. [Source: Cybersecurity guidance],0.6,0.32105263157894737,0.4605263157894737,Chichewa,Fraud Prevention & Scams
Kodi ndingawone bwanji pempho labodza?,"Onani ngati pempho likugwirizana ndi zomwe mwakhala posachedwa, tsimikizani ndi wotumiza kudzera mu njira yodziwika, osathamangira chifukwa cha zovuta. [Duwerurani: banki Friud Team]",How do I spot a fake payment request?,"Check if the request matches your recent activity, confirm with the sender through a known channel, and never rush because of pressure. [Source: Bank fraud team]",0.44999999999999996,0.5840000000000001,0.517,Chichewa,Fraud Prevention & Scams
Kodi chikhalidwe cha anthu ndi chiani?,Ukadaulo wapadera umagwiritsa ntchito kupusitsa anthu kuti apereke chinsinsi. [Gwero: Malangizo oyendayenda],What is social engineering?,Social engineering uses manipulation to trick people into giving confidential information. [Source: Cybersecurity guides],0.5,0.2571428571428571,0.37857142857142856,Chichewa,Fraud Prevention & Scams
Chifukwa chiyani kutsimikizira ma URL musanalowe nawo zambiri?,Masamba abodza amatha kuba zinthu zotsala ndi zolipira; Nthawi zonse muziyang'ana adilesi ya intaneti ndikuyang'ana kulumikizana kwachitetezo. [Dzuwa: Kuwongolera kwa Kukhazikika],Why verify URLs before entering details?,Fake websites can steal logins and payment details; always check the web address and look for secure connections. [Source: Cybersecurity guidance],0.7,0.7,0.7,Chichewa,Fraud Prevention & Scams
Kodi chinyengo ndi chiyani?,Chinyengo chazachinyengo chimapereka mwayi wabodza wobwerera kwambiri kuti aba ndalama; Nthawi zonse muziyang'ana kulembetsa ndi mbiri ya Tsamba. [Gwero: Wogulitsa],What is investment fraud?,Investment fraud offers fake opportunities with high returns to steal money; always check registration and track record. [Source: Regulator],0.5833333333333333,0.5789473684210527,0.581140350877193,Chichewa,Fraud Prevention & Scams
Kodi ndingateteze bwanji pini yanga?,"Lowezani pini yanu, ndikutchinjiriza mukamalemba, osagawana ndi wina aliyense. [Dzuwa: Chitsogozo cha banki]",How can I protect my PIN?,"Memorize your PIN, shield it when typing, and never share it with anyone. [Source: Bank guidance]",1.0,0.76,0.88,Chichewa,Fraud Prevention & Scams
Zoyenera kuchita ngati ndilandira SMS yokayikitsa?,Osayankha kapena kutsatira maulalo; Yang'anani ndi wopereka pogwiritsa ntchito njira zovomerezeka ndikufotokozerani uthengawo. [Zolimbikitsa: Ogwira Ntchito / Wothandizira],What to do if I receive a suspicious SMS?,Do not reply or follow links; check with the provider using official channels and report the message. [Source: Mobile operator/Regulator],0.7333333333333334,0.6421052631578947,0.6877192982456141,Chichewa,Fraud Prevention & Scams
Kodi chitetezo cha sim ndi chiyani?,Funsani wopereka wanu kuti awone macheke owonjezera a ID ndi zidziwitso mukasunthidwa ku khadi yatsopano kuti simmangu. [Gwero: GSP / CPS],What is SIM swap protection?,Ask your provider for extra ID checks and alerts when your SIM is moved to a new card to prevent SIM swap theft. [Source: GSMA/CSP guidance],0.88,0.48695652173913045,0.6834782608695652,Chichewa,Fraud Prevention & Scams
Kodi chinyengo cha chikondi chimagwira ntchito bwanji?,"Ma scammers amalimbitsa chidaliro pa intaneti, kenako pemphani ndalama kapena ndalama; Osatumiza ndalama kwa munthu amene simunakumanepo. [Gwero: Chitetezo cha Ogula]",How do romance scams work?,"Scammers build trust online, then ask for money or gift cards; never send money to someone you haven't met. [Source: Consumer protection]",0.24,0.9142857142857143,0.5771428571428572,Chichewa,Fraud Prevention & Scams
Chifukwa chiyani sungani ma risiti ogulitsa?,Malipiro amathandizira kulipira ndalama ndipo ndizothandiza pakamamva mikangano kapena kufufuza kwachinyengo kumachitika. [Dzuwa: Chitsogozo cha banki],Why keep transaction receipts?,Receipts help prove payments and are useful when disputes or fraud investigations happen. [Source: Bank guidance],0.6499999999999999,0.7325,0.6912499999999999,Chichewa,Fraud Prevention & Scams
Kodi ndi chiyani?,Kuwongolera ndi njira yopezera ndalama zolipirira makhadi ndikupempha kuti mubweze ku banki yanu kapena kirediti. [Zoyambitsa: Makadi a Card Network],What is chargeback?,A chargeback is a way to dispute a card payment and request a refund through your bank or card issuer. [Source: Card network guides],0.6,0.6842105263157895,0.6421052631578947,Chichewa,Fraud Prevention & Scams
Kodi mabizinesi angalepheretse bwanji zachinyengo?,"Gwiritsani ntchito macheke ndi ma Chekes, zogwirizanitsa maakaunti pafupipafupi, komanso kuphunzitsa antchito kuti athe kuwona zokayikitsa. [Gwero: SM SMTOMCE]",How can businesses prevent fraud?,"Use checks and balances, reconcile accounts regularly, and train staff to spot suspicious activity. [Source: SME guidance]",1.0,0.7375,0.86875,Chichewa,Fraud Prevention & Scams
Kodi chizindikiritso chimatsimikizira chiyani?,Kutsimikizira zolemba kapena deta kuti mutsimikizire wina ndi ndani yemwe amadzinenera kuti ali asanapereke chithandizo. [Gwero: KYC Chitsogozo],What is identity verification?,Verification checks documents or data to confirm someone is who they claim to be before providing services. [Source: KYC guidance],0.35,0.6105263157894737,0.48026315789473684,Chichewa,Fraud Prevention & Scams
Kodi munganene bwanji chinyengo m'Malawi?,"Lumikizanani ndi banki yanu, woyang'anira mafoni, ndi mzere wosungirako atoma; Sungani umboni ngati mauthenga ndi ma risiti. [Zoyambitsa: Reserve banki of Malawi]",How to report a scam in Malawi?,"Contact your bank, mobile operator, and the Reserve Bank's consumer line; keep evidence like messages and receipts. [Source: Reserve Bank of Malawi]",0.2571428571428571,0.85,0.5535714285714286,Chichewa,Fraud Prevention & Scams
Kodi ma crrncy ndi chiyani?,Akaunti imakhala yovuta pambuyo osagwira ntchito nthawi yayitali; Banks imatha kuzengereze kuwulutsa mpaka mutachilemba. [Zoyambitsa: Malamulo a banki],What is account dormancy?,An account becomes dormant after long inactivity; banks may freeze transactions until you reactivate it. [Source: Bank rules],0.3,0.6333333333333333,0.4666666666666667,Chichewa,Banking & Mobile Money
Kodi ndimasintha bwanji pinki yanga yam'manja mosamala?,"Gwiritsani ntchito yovomerezeka kapena yoyenda, osagawana pini yatsopano ndi wina aliyense. [Zolimbikitsa: Ogwiritsa ntchito mafoni]",How do I change my mobile money PIN safely?,"Use the official USSD or app flow, and never share the new PIN with anyone. [Source: Mobile operator]",0.6666666666666667,0.7529411764705882,0.7098039215686275,Chichewa,Banking & Mobile Money
Chitsimikizo cha magawo awiri ndi chiani cha ndalama zam'manja?,Pamafunika pini kuphatikizanso gawo lina ngati OTP kapena biometrics kuti mutsimikizire zochitika. [Gwero: GSMA / Ogwira],What is two-step verification for mobile money?,It requires a PIN plus another step like OTP or biometrics to confirm transactions. [Source: GSMA/Operators],0.8285714285714285,0.8875,0.8580357142857142,Chichewa,Banking & Mobile Money
Kodi ndingalumikizane ndi akaunti yakubanki kupita ku ndalama zam'manja?,Ntchito zambiri zimakulolani kuti muzilumikizana ndi akaunti kuti musunthire ndalama mosavuta; Onani ndalama ndi chitetezo poyamba. [Zoyambitsa: banki & Othandizira],Can I link a bank account to mobile money?,Many services let you link accounts to move money easily; check fees and security first. [Source: Bank & operator guides],0.9333333333333333,0.66,0.7966666666666666,Chichewa,Banking & Mobile Money
Kodi chimandiyanjidwa mu ndalama zam'manja?,Woyandama ndi oyang'anira okwera mosamala kuti awonetsetse ndalama ndi madzi ogulitsira. [Zosangalatsa: Wogwiritsa ntchito ndalama],What is float in mobile money?,Float is the balance providers keep to ensure cash-out and liquidity for transactions. [Source: Mobile money operator],0.6,0.32705882352941174,0.46352941176470586,Chichewa,Banking & Mobile Money
Kodi ndimateteza bwanji Smartphone yanga ya Banking?,"Gwiritsani ntchito malowa, sungani mapulogalamu osinthidwa, ndipo pewani kukhazikitsa mapulogalamu kuchokera ku magwero osadziwika. [Dzuwa: Kuwongolera kwa Kukhazikika]",How do I protect my smartphone for banking apps?,"Use screen locks, keep software updated, and avoid installing apps from unknown sources. [Source: Cybersecurity guidance]",0.8666666666666667,0.375,0.6208333333333333,Chichewa,Banking & Mobile Money
Kodi malire otani?,Othandizira amakhazikitsa tsiku lililonse kapena pamwezi pa zomwe amasintha kuti atetezere makasitomala ndikuwongolera chiwopsezo. [Zoyambitsa: Ogwiritsa ntchito / a banki],What is a transaction limit?,Providers set daily or monthly caps on transfers to protect customers and manage risk. [Source: Operator/Bank policies],0.12,0.7882352941176471,0.45411764705882357,Chichewa,Banking & Mobile Money
Kodi ndalama ndi chiyani?,Cashback ndi mphotho yomwe peresenti ya ndalama yanu imabwezeretsedwanso ku akaunti yanu. [Zochititsane: Banki / Pulogalamu Yotsogolera],What is cashback?,Cashback is a reward where a percentage of your spending is returned to your account. [Source: Bank/program guides],0.39999999999999997,0.8,0.6,Chichewa,Banking & Mobile Money
Kodi ndimatsegula bwanji akaunti yolumikizana?,Omwe ali ndi akaunti yonseyi nthawi zambiri amapereka ID ndikusainira mafomu otsegulira akaunti; malamulo amasiyanasiyana kubanki. [Dzuwa: Chitsogozo cha banki],How do I open a joint account?,Both account holders usually provide ID and sign the account opening forms; rules vary by bank. [Source: Bank guidance],0.9142857142857143,0.8333333333333333,0.8738095238095238,Chichewa,Banking & Mobile Money
Kodi kusagwirizana ndi ndalama zam'manja ndi chiyani?,Kuchita zibwenzi zimapangitsa ogwiritsa ntchito kutumiza ndalama pakati pa opereka kapena mabanki mosavuta. [Zoyambitsa: Central banki / GSma],What is interoperability in mobile money?,Interoperability lets users send money between different providers or banks easily. [Source: Central Bank/GSMA],0.6,0.7428571428571429,0.6714285714285715,Chichewa,Banking & Mobile Money
Kodi Kupuma Kumapuma Pamafunika Chiyani?,Kupuma pantchito kumakhazikitsa ndalama ndi ndalama zoperekera ndalama mukamasiya kugwira ntchito. [Gwero: Akuluakulu Penshoni],What is retirement planning?,Retirement planning sets aside money and investments to provide income after you stop working. [Source: Pension authorities],0.5,0.21176470588235294,0.3558823529411765,Chichewa,Financial Planning & Retirement
Kodi ndiyenera kuyamba liti kupulumutsa pantchito?,Yambani molawirira mochedwa momwe mungabwererenso ndalama zambiri zimakhala ndi nthawi yambiri yokulitsa ndalama zanu. [Dzuwa: Ophunzitsa Zachuma],When should I start saving for retirement?,Start as early as possible so compound returns have more time to grow your savings. [Source: Financial educators],0.9142857142857143,0.3176470588235294,0.6159663865546219,Chichewa,Financial Planning & Retirement
Kodi mphotho ya penshoni ndi chiyani?,Cholinga cha penshoni ndi ndalama zomwe mumapanga kapena abwana anu amaika ndalama zopuma pantchito. [Gwero: Penshoni Utumiki Woyang'anira],What is a pension contribution?,A pension contribution is money you or your employer put into a retirement fund. [Source: Pension regulator],0.56,0.8,0.68,Chichewa,Financial Planning & Retirement
Kodi ndimayesetsa bwanji kupuma pantchito?,"Onaninso zodumpha wamtsogolo, lingalirani zambiri, ndipo konzani zokonzekera zaumoyo ndi zadzidzidzi. [Dumbi: Malangizo Okonzekera Zachuma]",How do I estimate retirement needs?,"Estimate future expenses, consider inflation, and plan for healthcare and emergencies. [Source: Financial planning guides]",0.5,0.1714285714285714,0.3357142857142857,Chichewa,Financial Planning & Retirement
Kodi Kukonzekera Ntchito Ndi Chiyani?,Makonzedwe akonza momwe angaperekere chuma chanu kwa olowa m'malo ndipo angaphatikizeponso adzalandira. [Zosangalatsa: Okonzanso Othandizira / Okonza Ndalama],What is estate planning?,Estate planning arranges how to pass your assets to heirs and may include wills and beneficiaries. [Source: Legal aid/Financial planners],0.6499999999999999,0.5,0.575,Chichewa,Financial Planning & Retirement
Kodi Ndingatetezere Bwanji Kuchuluka?,"Ganizirani zosakanikirana ndi ndalama zomwe zili pamkale pake, monga zomangira zina kapena zinthu zina. [DuntS: Offices]",How can I protect savings from inflation?,"Consider a mix of savings and investments that historically outpace inflation, like certain bonds or diversified assets. [Source: Invest guides]",0.47619047619047616,0.32,0.39809523809523806,Chichewa,Financial Planning & Retirement
Kodi Kukonzekera Kwakale Kumakhala Chiyani?,Konzani zofunikira zamtsogolo ndi momwe mungalipire kudzera mu ndalama kapena inshuwaransi. [Gwero: Thandizo / Thansti la Penshoni],What is long-term care planning?,Plan for potential future care needs and how to pay for them through savings or insurance. [Source: Health/pension guidance],0.56,0.5333333333333333,0.5466666666666666,Chichewa,Financial Planning & Retirement
Chifukwa chiyani kuwunika makanema pafupipafupi?,"Moyo umasintha ngati ntchito, banja, kapena thanzi limakhudza mapulani; Unikani pachaka kapena pambuyo pa zochitika zazikulu. [Gwero: Alangizi azachuma]",Why review financial plans regularly?,"Life changes like jobs, family, or health affect plans; review yearly or after major events. [Source: Financial advisors]",0.56,0.6588235294117646,0.6094117647058823,Chichewa,Financial Planning & Retirement
Kodi bajeti yadzidzidzi ndi iti?,Bajeti yadzidzidzi imachepetsa kuthengo kosafunikira komanso kumalinganiza kofunikira panthawi yopeza ndalama. [Zolimbikitsa: Maphunziro azachuma],What is an emergency budget?,An emergency budget reduces non-essential spending and prioritizes essentials during income shocks. [Source: Financial education NGOs],0.88,0.3875,0.63375,Chichewa,Financial Planning & Retirement
Kodi ndingasiye bwanji cholowa chandalama?,"Gwiritsani ntchito zimphona zodziwikiratu, zopindulitsa, ndi malangizo osavuta, olowa m'malo amatha kupeza chuma chochepa. [Zosangalatsa: Malangizo Amiyala / Ndalama]",How can I leave a financial legacy?,"Use clear wills, named beneficiaries, and simple instructions so heirs can access assets with minimal delay. [Source: Legal/financial guidance]",0.8,0.3263157894736842,0.5631578947368421,Chichewa,Financial Planning & Retirement
Ndani amapangira malamulo obanki ndi ufulu wa makasitomala?,Yang'anani Authority kapena Ogwiritsa Ntchito chitetezo choteteza boma ndi kudandaula. [Gwero: GSMA],Who enforces banking rules and customer rights?,Check the local regulator or consumer protection authority for official guidance and complaint steps. [Source: GSMA],0.7428571428571429,0.7375,0.7401785714285715,Chichewa,Financial Rights & Regulations
Ndi zinthu ziti zomwe ndiyenera kutenga ngati ndalama zanga zam'manja zabedwa?,Nenani kwa wogwiritsa ntchito mafoni anu ndi banki nthawi yomweyo ndikupereka umboni ngati ma SMS ndi ID. [Zogwedetsa: SM Mtsogoleri],What steps should I take if my mobile money is stolen?,Report to your mobile operator and bank immediately and provide evidence like SMS and transaction IDs. [Source: SME guides],0.8909090909090909,0.5529411764705883,0.7219251336898396,Chichewa,Fraud Prevention & Scams
Kodi kuli kotetezeka kuwerengera ndalama zazing'ono mu gulu losunga ndalama?,"Funsani mawu omveka bwino, sungani umboni wa zochitika, ndipo gwiritsani ntchito njira zovomerezeka. [Gwero: banki World]",Is it safe to invest small amounts in a savings group?,"Ask for clear terms, keep proof of transactions, and use official channels for services. [Source: World Bank]",0.6363636363636364,0.575,0.6056818181818182,Chichewa,Investing basics
Kodi ndimayang'ana bwanji ndalama zanga zam'manja?,Chongani pogwiritsa ntchito pulogalamu yovomerezeka kapena nambala ya USD ndikusunga ma sms kuchenjeza kuti mutsimikizire zochitika. [Gwero: banki World],How do I check my mobile money balance safely?,Check using the official app or USSD code and keep SMS alerts active to confirm transactions. [Source: World Bank],0.6,0.9052631578947368,0.7526315789473683,Chichewa,Banking & Mobile Money
Kodi pali kusiyana kotani pakati pa moyo ndi maliro?,Moyo kapena chivundikiro pamalipiro amalipira anthu otchedwa anthu; Fananizani ndalama ndi zotumphukira. [Gwero: banki World],What is the difference between life and funeral cover?,Life or funeral cover pays a benefit to named persons; compare premiums and exclusions. [Source: World Bank],0.4666666666666667,0.7176470588235294,0.592156862745098,Chichewa,Insurance & Risk
Kodi ndingapewe bwanji kugwa mu msampha? Kodi ndiyenera kusamalira chiyani?,"Kubwereka zomwe mungabwezere, werengani mawu, ndipo pewani obwereketsa ndi malonjezo osatheka. [Gwero: GSMA]",How can I avoid falling into a debt trap? What should I watch out for?,"Borrow only what you can repay, read terms, and avoid lenders with unrealistic promises. [Source: GSMA]",0.38571428571428573,0.9625,0.6741071428571429,Chichewa,Credit & Loans
Kodi ndimawerenga bwanji mgwirizano wobwereketsa?,"Funsani mawu omveka bwino, sungani umboni wa zochitika, ndipo gwiritsani ntchito njira zovomerezeka. [Gwero: Fao]",How do I read a loan contract properly?,"Ask for clear terms, keep proof of transactions, and use official channels for services. [Source: FAO]",0.3,0.36,0.32999999999999996,Chichewa,Consumer Protection & Fraud Awareness
Kodi ndikupenda bwanji mkangano ndi banki?,"Funsani mawu omveka bwino, sungani umboni wa zochitika, ndipo gwiritsani ntchito njira zovomerezeka. [Dzuwa: Ogwiritsa Ntchito Ogula]",How do I escalate a dispute with a bank?,"Ask for clear terms, keep proof of transactions, and use official channels for services. [Source: Consumer Protection Authority]",0.925,0.2823529411764706,0.6036764705882354,Chichewa,Consumer Protection & Fraud Awareness
Kodi ndimalumikiza bwanji akaunti yanga ya banki kupita ku ndalama zam'manja?,Kulumikizana kumapangitsa kusiyanasiyana; Tsimikizani njirayi ndi banki yanu ndikuyang'ana ngongole yaying'ono. [Gwero: NGO Phunziro lazachuma],How do I link my bank account to mobile money?,Linking makes transfers easy; confirm the procedure with your bank and watch for small test debits. [Source: NGO financial education],1.0,0.67,0.835,Chichewa,Banking & Mobile Money
Kodi ndimapeza bwanji chitsogozo chaboma pa chindapusa ndi milandu? Ndani angandithandizire ndi izi?,Yang'anani Authority kapena Ogwiritsa Ntchito chitetezo choteteza boma ndi kudandaula. [Zoyambitsa: IMF],How do I find official guidance on fees and charges? Who can help me with this?,Check the local regulator or consumer protection authority for official guidance and complaint steps. [Source: IMF],0.6875,0.7375,0.7125,Chichewa,Financial Rights & Regulations
Kodi ndi ziti zomwe zingapulumuke kuwononga mabanja?,"Yambani zing'onozing'ono, khalani ndi zolinga zomveka bwino, ndipo sungani ndalama zolekanitsa kuti musagwiritse ntchito molakwika. [Gwero: NGO Phunziro lazachuma]",What are affordable saving habits for families?,"Start small, set clear goals, and keep savings separate to avoid spending them by mistake. [Source: NGO financial education ]",0.1714285714285714,0.27,0.2207142857142857,Chichewa,Budgeting & Saving
Kodi Ndingazindikire Bwanji Ngongole Yabodza? Kodi izi zikupezeka kumidzi?,"Ngati atapempha ndalama zakutsogolo kapena kwanu, mwina ndi vuto; Tsimikizani kudzera munjira zovomerezeka ndipo musathamangire. [Dzuwa: Chitsogozo cha banki]",How can I recognize a fake loan offer? Is this available in rural areas?,"If an offer asks for money up-front or personal codes, it is likely a scam; verify through official channels and do not rush. [Source: Bank guidance]",0.8714285714285714,0.5205128205128204,0.6959706959706959,Chichewa,Fraud Prevention & Scams
Zoyenera kuchita ngati ntchito ikundiweruza kuti ndi ndalama zopanda chilungamo? Kodi ndiyenera kusamalira chiyani?,"Funsani mawu omveka bwino, sungani umboni wa zochitika, ndipo gwiritsani ntchito njira zovomerezeka. [Dzuwa: Chitsogozo cha banki]",What to do if a service charges me unfair fees? What should I watch out for?,"Ask for clear terms, keep proof of transactions, and use official channels for services. [Source: Bank guidance]",0.48,0.5,0.49,Chichewa,Consumer Protection & Fraud Awareness
Kodi kugwiritsa ntchito intaneti kuli kotetezeka bwanji?,Pewani zochitika zamalonda pa Wi-Fi; Gwiritsani ntchito deta yam'manja kapena vpn ndikusintha mapulogalamu pafupipafupi. [Dzuwa: Ogwiritsa Ntchito Ogula],How safe is using public Wi-Fi for banking?,Avoid sensitive transactions on public Wi-Fi; use mobile data or a VPN and update apps regularly. [Source: Consumer Protection Authority],0.425,0.39,0.4075,Chichewa,Digital Financial Literacy
Ndi zinthu ziti zomwe ndiyenera kutenga ngati ndalama zanga zam'manja zabedwa? Kodi izi zikupezeka kumidzi?,Nenani kwa wogwiritsa ntchito mafoni anu ndi banki nthawi yomweyo ndikupereka umboni ngati ma SMS ndi ID. [Zogwedetsa: SM Mtsogoleri],What steps should I take if my mobile money is stolen? Is this available in rural areas?,Report to your mobile operator and bank immediately and provide evidence like SMS and transaction IDs. [Source: SME guides],0.925,0.5529411764705883,0.7389705882352942,Chichewa,Fraud Prevention & Scams
Kodi Maofesi Amafuna Bwanji Kuti Alimi Apeze Zachuma?,"Makamaka mamembala a Pool kuti mupeze ndalama, zopereka zambiri, komanso mitengo yabwino. [Dzuwa: Chitsogozo cha banki banki]",How can cooperatives help farmers access finance?,"Cooperatives pool members to access finance, bulk inputs, and better prices. [Source: Central Bank guidance]",0.37142857142857144,0.64,0.5057142857142858,Chichewa,Small Business & Farming Finance
Zoyenera kuchita ngati ntchito ikundiweruza kuti ndi ndalama zopanda chilungamo? Kodi izi zikupezeka kumidzi?,"Funsani mawu omveka bwino, sungani umboni wa zochitika, ndipo gwiritsani ntchito njira zovomerezeka. [Zogwedetsa: SM Mtsogoleri]",What to do if a service charges me unfair fees? Is this available in rural areas?,"Ask for clear terms, keep proof of transactions, and use official channels for services. [Source: SME guides]",0.6125,0.2625,0.4375,Chichewa,Consumer Protection & Fraud Awareness
Kodi ndimapeza bwanji chitsogozo chaboma pa chindapusa ndi milandu? Kodi ndingachite bwanji izi zotsika mtengo?,Yang'anani Authority kapena Ogwiritsa Ntchito chitetezo choteteza boma ndi kudandaula. [Gwero: GSMA],How do I find official guidance on fees and charges? How can I do this cheaply?,Check the local regulator or consumer protection authority for official guidance and complaint steps. [Source: GSMA],0.6615384615384616,0.7375,0.6995192307692308,Chichewa,Financial Rights & Regulations
Kodi kutumphuka ndi chidwi zimasokoneza bwanji ndalama zanga?,Kukwera kumachepetsa kugula mphamvu; Cholinga cha zida zosakanikirana zomwe zimatha kusamala ndi kuchuluka kwake. [Gwero: IFID],How do inflation and interest affect my savings?,Inflation reduces buying power; aim for a mix of instruments that can keep pace with inflation. [Source: IFAD],0.5083333333333333,0.3666666666666667,0.4375,Chichewa,Investing basics
Kodi pulani yosavuta yopuma pantchito yanji? Kodi ndiyenera kusamalira chiyani?,Cholinga chosunga gawo lokhazikika la ndalama; Sungani ndalama ndikuwunika pachaka. [Gwero: CGAPE],What is a simple retirement saving plan for informal workers? What should I watch out for?,Aim to save a steady percentage of income; automate savings and review yearly. [Source: CGAP],0.27999999999999997,0.56,0.42000000000000004,Chichewa,Financial Planning & Retirement
Kodi ndalama zotsika kwambiri ndi ziti?,Zosankha zotsika kwambiri zimaphatikizapo zomangira za boma kapena ndalama zopangidwa; Chongani mwayi ndi zochepa. [Gwero: NGO Phunziro lazachuma],What are low-risk investment options for beginners?,Low-risk options include some government bonds or diversified funds; check access and minimums. [Source: NGO financial education],0.0857142857142857,0.4823529411764706,0.28403361344537814,Chichewa,Investing basics
Kodi ndimapangira bwanji kubzala mtengo? Kodi izi zikupezeka kumidzi?,"Kuwerengera ndalama, kupatula pasanjidwe, ndikusunga pafupipafupi pokolola kubzala. [Gwero: IFC]",How do I budget for planting season costs? Is this available in rural areas?,"Estimate input costs, set aside a contingency, and save regularly during harvest to cover planting. [Source: IFC]",0.38571428571428573,0.10588235294117647,0.2457983193277311,Chichewa,Small Business & Farming Finance
Kodi Ndingayambe Bwanji Bajeti Yanyumba?,"Pangani mndandanda wosavuta wa ndalama ndi ndalama zolipirira, ikani zinthu zofunika kwambiri nthawi zonse mukalandira ndalama. [Source: Wothandizira inshuwaransi]",How can I start a household budget?,"Make a simple list of income and expenses, set priorities, and save a small fixed amount every time you receive money. [Source: Insurance regulator ]",0.8285714285714285,0.711304347826087,0.7699378881987577,Chichewa,Budgeting & Saving
Kodi ndimapeza bwanji chitsogozo chaboma pa chindapusa ndi milandu?,Yang'anani Authority kapena Ogwiritsa Ntchito chitetezo choteteza boma ndi kudandaula. [Gwero: CGAPE],How do I find official guidance on fees and charges?,Check the local regulator or consumer protection authority for official guidance and complaint steps. [Source: CGAP],0.62,0.7,0.6599999999999999,Chichewa,Financial Rights & Regulations
Ndi mitundu yanji ya inshuwaransi yomwe alimi ang'onoang'ono amakhala?,Index kapena inshuwaransi yamagulu imatha kukhala yotsika mtengo kwa alimi ang'onoang'ono; Onani zoyambitsa ndi zopereka malamulo. [Source: Wothandizira inshuwaransi],What kinds of insurance can small farmers get?,Index or group insurance can be affordable for small farmers; check triggers and claim rules. [Source: Insurance regulator],0.775,0.8588235294117647,0.8169117647058823,Chichewa,Insurance & Risk
Kodi Kukongola Kubwereka Ndi Chiyani?,"Kubwereka zomwe mungabwezere, werengani mawu, ndipo pewani obwereketsa ndi malonjezo osatheka. [Zoyambitsa: Reserve banki of Malawi]",What is responsible borrowing?,"Borrow only what you can repay, read terms, and avoid lenders with unrealistic promises. [Source: Reserve Bank of Malawi]",0.85,0.968421052631579,0.9092105263157895,Chichewa,Credit & Loans
Ndani amapangira malamulo obanki ndi ufulu wa makasitomala? Kodi ndingachite bwanji izi zotsika mtengo?,Yang'anani Authority kapena Ogwiritsa Ntchito chitetezo choteteza boma ndi kudandaula. [Gwero: CGAPE],Who enforces banking rules and customer rights? How can I do this cheaply?,Check the local regulator or consumer protection authority for official guidance and complaint steps. [Source: CGAP],0.8615384615384616,0.7,0.7807692307692308,Chichewa,Financial Rights & Regulations
Kodi ndiyenera kusintha mapulogalamu anga ati?,Zosintha za chitetezo patch; Khazikitsani mapulogalamu kuti musinthe zokha komwe kuli kotheka. [Dzuwa: Chitsogozo cha banki banki],When should I update my banking apps?,Updates patch security issues; set apps to update automatically where possible. [Source: Central Bank guidance],0.0857142857142857,0.76,0.4228571428571429,Chichewa,Digital Financial Literacy
Kodi ndalama zam'manja zikuyenda bwanji poyerekeza ndi banki?,Onse akhoza kukhala otetezeka ngati mungateteze pini yanu ndi foni; Banks imatha kupereka chitetezo chokhazikika pomwe ndalama zam'magalimoto ndizosavuta. [Source: Wothandizira inshuwaransi],How secure is mobile money compared to a bank?,Both can be secure if you protect your PIN and phone; banks may offer deposit protection while mobile money is convenient. [Source: Insurance regulator],0.8666666666666667,0.5785714285714286,0.7226190476190477,Chichewa,Banking & Mobile Money
Kodi pulani yosavuta yopuma pantchito yanji?,Cholinga chosunga gawo lokhazikika la ndalama; Sungani ndalama ndikuwunika pachaka. [Source: Wothandizira inshuwaransi],What is a simple retirement saving plan for informal workers?,Aim to save a steady percentage of income; automate savings and review yearly. [Source: Insurance regulator],0.3,0.615,0.4575,Chichewa,Financial Planning & Retirement
Kodi ziphuphu zimagwiritsa ntchito bwanji media zothandizira kuti zisachichenje?,"Ngati atapempha ndalama zakutsogolo kapena kwanu, mwina ndi vuto; Tsimikizani kudzera munjira zovomerezeka ndipo musathamangire. [Dzuwa: Chitsogozo cha banki]",How do scammers use social media to commit fraud?,"If an offer asks for money up-front or personal codes, it is likely a scam; verify through official channels and do not rush. [Source: Bank guidance]",0.26666666666666666,0.5205128205128204,0.3935897435897435,Chichewa,Fraud Prevention & Scams
Ndi malamulo ati omwe amakhalapo motsutsana ndi ngongole yobisika?,"Funsani mawu omveka bwino, sungani umboni wa zochitika, ndipo gwiritsani ntchito njira zovomerezeka. [Gwero: GSMA]",What protections exist against hidden loan charges?,"Ask for clear terms, keep proof of transactions, and use official channels for services. [Source: GSMA]",0.3428571428571428,0.36,0.3514285714285714,Chichewa,Consumer Protection & Fraud Awareness
Kodi Ndingazindikire Bwanji Ngongole Yabodza? Kodi ndiyenera kusamalira chiyani?,"Ngati atapempha ndalama zakutsogolo kapena kwanu, mwina ndi vuto; Tsimikizani kudzera munjira zovomerezeka ndipo musathamangire. [Dzuwa: Ogwiritsa Ntchito Ogula]",How can I recognize a fake loan offer? What should I watch out for?,"If an offer asks for money up-front or personal codes, it is likely a scam; verify through official channels and do not rush. [Source: Consumer Protection Authority]",0.7230769230769231,0.37777777777777777,0.5504273504273505,Chichewa,Fraud Prevention & Scams
Kodi ndimadziteteza bwanji ku ziphuphu? Kodi ndingachite bwanji izi zotsika mtengo?,"Ngati atapempha ndalama zakutsogolo kapena kwanu, mwina ndi vuto; Tsimikizani kudzera munjira zovomerezeka ndipo musathamangire. [Dzuwa: Malangizo a Telefoni]",How do I protect myself from investment scams? How can I do this cheaply?,"If an offer asks for money up-front or personal codes, it is likely a scam; verify through official channels and do not rush. [Source: Mobile operator guidance]",0.5909090909090909,0.4222222222222222,0.5065656565656566,Chichewa,Fraud Prevention & Scams
Kodi ndimatsata bwanji ndalama zazing'ono zatsiku ndi tsiku?,Lembani ndalama za tsiku ndi tsiku kapena gwiritsani ntchito pulogalamu yosavuta kuwona komwe ndalama zimayendera ndikudula mtengo. [Zoyambitsa: Reserve banki of Malawi],How do I track small daily expenses effectively?,Write down daily spending or use a simple app to see where money goes and cut avoidable costs. [Source: Reserve Bank of Malawi ],0.775,0.85,0.8125,Chichewa,Budgeting & Saving
Kodi malo ogulitsira ang'ono ayenera kukhala ndi ngongole yanji?,Sungani mbiri yosavuta yogulitsa komanso ndalama zolipirira kuti muwonetse ndalama zoyendera ndi kuthandizira ngongole. [Gwero: IFID],What records should small shops keep for a loan?,Keep simple sales and expense records to show cash flow and support loan applications. [Source: IFAD],0.26666666666666666,0.27999999999999997,0.2733333333333333,Chichewa,Small Business & Farming Finance
Kodi ndimawerenga bwanji mgwirizano wobwereketsa? Kodi ndingachite bwanji izi zotsika mtengo?,"Funsani mawu omveka bwino, sungani umboni wa zochitika, ndipo gwiritsani ntchito njira zovomerezeka. [Dzuwa: Ogwiritsa Ntchito Ogula]",How do I read a loan contract properly? How can I do this cheaply?,"Ask for clear terms, keep proof of transactions, and use official channels for services. [Source: Consumer Protection Authority]",0.3818181818181818,0.2823529411764706,0.33208556149732615,Chichewa,Consumer Protection & Fraud Awareness
Ndi mitundu yanji ya inshuwaransi yomwe alimi ang'onoang'ono amakhala? Kodi izi zikupezeka kumidzi?,Index kapena inshuwaransi yamagulu imatha kukhala yotsika mtengo kwa alimi ang'onoang'ono; Onani zoyambitsa ndi zopereka malamulo. [Gwero: IFC],What kinds of insurance can small farmers get? Is this available in rural areas?,Index or group insurance can be affordable for small farmers; check triggers and claim rules. [Source: IFC],0.8714285714285714,0.8941176470588235,0.8827731092436975,Chichewa,Insurance & Risk
Kodi Ndingazindikire Bwanji Ngongole Yabodza?,"Ngati atapempha ndalama zakutsogolo kapena kwanu, mwina ndi vuto; Tsimikizani kudzera munjira zovomerezeka ndipo musathamangire. [Gwero: NGO Phunziro lazachuma]",How can I recognize a fake loan offer?,"If an offer asks for money up-front or personal codes, it is likely a scam; verify through official channels and do not rush. [Source: NGO financial education]",0.775,0.4666666666666667,0.6208333333333333,Chichewa,Fraud Prevention & Scams
Kodi zizindikiro zodziwika bwino za tsamba la kukokola ndi chinyengo?,"Ngati atapempha ndalama zakutsogolo kapena kwanu, mwina ndi vuto; Tsimikizani kudzera munjira zovomerezeka ndipo musathamangire. [Gwero: banki World]",What are common signs of a phishing website?,"If an offer asks for money up-front or personal codes, it is likely a scam; verify through official channels and do not rush. [Source: World Bank]",0.525,0.5666666666666667,0.5458333333333334,Chichewa,Fraud Prevention & Scams
Kodi Maofesi Amafuna Bwanji Kuti Alimi Apeze Zachuma? Kodi izi zikupezeka kumidzi?,"Makamaka mamembala a Pool kuti mupeze ndalama, zopereka zambiri, komanso mitengo yabwino. [Dzuwa: Malangizo a Telefoni]",How can cooperatives help farmers access finance? Is this available in rural areas?,"Cooperatives pool members to access finance, bulk inputs, and better prices. [Source: Mobile operator guidance]",0.5692307692307692,0.4,0.4846153846153846,Chichewa,Small Business & Farming Finance
Kodi kutumphuka ndi chidwi zimasokoneza bwanji ndalama zanga? Kodi izi zikupezeka kumidzi?,Kukwera kumachepetsa kugula mphamvu; Cholinga cha zida zosakanikirana zomwe zimatha kusamala ndi kuchuluka kwake. [Zoyambitsa: Reserve banki of Malawi],How do inflation and interest affect my savings? Is this available in rural areas?,Inflation reduces buying power; aim for a mix of instruments that can keep pace with inflation. [Source: Reserve Bank of Malawi],0.6047619047619047,0.64,0.6223809523809524,Chichewa,Investing basics
Kodi pali kusiyana kotani pakati pa moyo ndi maliro? Ndani angandithandizire ndi izi?,Moyo kapena chivundikiro pamalipiro amalipira anthu otchedwa anthu; Fananizani ndalama ndi zotumphukira. [Dzuwa: Ogwiritsa Ntchito Ogula],What is the difference between life and funeral cover? Who can help me with this?,Life or funeral cover pays a benefit to named persons; compare premiums and exclusions. [Source: Consumer Protection Authority],0.52,0.43333333333333335,0.4766666666666667,Chichewa,Insurance & Risk
Ndani amapangira malamulo obanki ndi ufulu wa makasitomala? Kodi izi zikupezeka kumidzi?,Yang'anani Authority kapena Ogwiritsa Ntchito chitetezo choteteza boma ndi kudandaula. [Zogwedetsa: SM Mtsogoleri],Who enforces banking rules and customer rights? Is this available in rural areas?,Check the local regulator or consumer protection authority for official guidance and complaint steps. [Source: SME guides],0.8615384615384616,0.6470588235294118,0.7542986425339366,Chichewa,Financial Rights & Regulations
Kodi ndilingalire zochuluka motani kupulumutsa mwezi uliwonse mtsogolo?,Cholinga chosunga gawo lokhazikika la ndalama; Sungani ndalama ndikuwunika pachaka. [Dzuwa: Chitsogozo cha banki banki],How much should I aim to save each month for the future?,Aim to save a steady percentage of income; automate savings and review yearly. [Source: Central Bank guidance],0.9,0.5576470588235294,0.7288235294117646,Chichewa,Financial Planning & Retirement
Kodi ndimapeza bwanji chitsogozo chaboma pa chindapusa ndi milandu? Kodi izi zikupezeka kumidzi?,Yang'anani Authority kapena Ogwiritsa Ntchito chitetezo choteteza boma ndi kudandaula. [Source: Wothandizira inshuwaransi],How do I find official guidance on fees and charges? Is this available in rural areas?,Check the local regulator or consumer protection authority for official guidance and complaint steps. [Source: Insurance regulator],0.6875,0.7176470588235294,0.7025735294117648,Chichewa,Financial Rights & Regulations
Kodi ndimayang'ana bwanji ndalama zanga zam'manja? Kodi ndiyenera kusamalira chiyani?,Chongani pogwiritsa ntchito pulogalamu yovomerezeka kapena nambala ya USD ndikusunga ma sms kuchenjeza kuti mutsimikizire zochitika. [Gwero: IFC],How do I check my mobile money balance safely? What should I watch out for?,Check using the official app or USSD code and keep SMS alerts active to confirm transactions. [Source: IFC],0.5428571428571428,0.9,0.7214285714285714,Chichewa,Banking & Mobile Money
Ndani amapangira malamulo obanki ndi ufulu wa makasitomala? Ndani angandithandizire ndi izi?,Yang'anani Authority kapena Ogwiritsa Ntchito chitetezo choteteza boma ndi kudandaula. [Dzuwa: Chitsogozo cha banki],Who enforces banking rules and customer rights? Who can help me with this?,Check the local regulator or consumer protection authority for official guidance and complaint steps. [Source: Bank guidance],0.85,0.6823529411764706,0.7661764705882352,Chichewa,Financial Rights & Regulations
Ndi zikalata ziti zomwe zikufunika kuti mutsegule akaunti ya banki yoyambira? Kodi ndingachite bwanji izi zotsika mtengo?,Nthawi zambiri id ndi chitsimikizo cha adilesi; Maakaunti ang'onoang'ono amatha kuvomera zolemba zosavuta. [Dzuwa: Chitsogozo cha banki banki],What documents are needed to open a basic bank account? How can I do this cheaply?,Typically an ID and proof of address; smaller accounts may accept simpler documentation. [Source: Central Bank guidance],0.9625,0.6823529411764706,0.8224264705882354,Chichewa,Banking & Mobile Money
Kodi simputa yanji ndi momwe mungapewere? Kodi izi zikupezeka kumidzi?,Lumikizanani ndi opaleshoni yanu kuti muwonjezere zowonjezera zosintha ndipo sizigawana ndi Otps kapena zikhomo. [Zogwedetsa: SM Mtsogoleri],What is SIM swap fraud and how to avoid it? Is this available in rural areas?,Contact your operator to add extra checks for changes and never share OTPs or PINs. [Source: SME guides],0.43999999999999995,0.7333333333333334,0.5866666666666667,Chichewa,Digital Financial Literacy
Kodi kutsimikizika kwa zinthu ziwiri ndi chiyani ndikugwiritsa ntchito?,Awiri-amawonjezera owonjezera owonjezera (code kapena biometric) amapangitsa maakaunti kukhala ovuta kwambiri kufikira akuba. [Gwero: GSMA],What is two-factor authentication and why use it?,Two-factor adds an extra layer (code or biometric) making accounts much harder to access by thieves. [Source: GSMA],0.7250000000000001,0.6666666666666667,0.6958333333333334,Chichewa,Digital Financial Literacy
Kodi malo ogulitsira ang'ono ayenera kukhala ndi ngongole yanji? Kodi ndiyenera kusamalira chiyani?,Sungani mbiri yosavuta yogulitsa komanso ndalama zolipirira kuti muwonetse ndalama zoyendera ndi kuthandizira ngongole. [Dzuwa: Malangizo a Telefoni],What records should small shops keep for a loan? What should I watch out for?,Keep simple sales and expense records to show cash flow and support loan applications. [Source: Mobile operator guidance],0.23076923076923078,0.21176470588235294,0.22126696832579185,Chichewa,Small Business & Farming Finance
Kodi kutsimikizika kwa zinthu ziwiri ndi chiyani ndikugwiritsa ntchito? Ndani angandithandizire ndi izi?,Awiri-amawonjezera owonjezera owonjezera (code kapena biometric) amapangitsa maakaunti kukhala ovuta kwambiri kufikira akuba. [Gwero: NGO Phunziro lazachuma],What is two-factor authentication and why use it? Who can help me with this?,Two-factor adds an extra layer (code or biometric) making accounts much harder to access by thieves. [Source: NGO financial education],0.7571428571428571,0.64,0.6985714285714286,Chichewa,Digital Financial Literacy
Kodi njira yabwino yosungira ndalama ndi ziti?,Khazikitsani thumba lozama: Sungani pang'ono sabata iliyonse kotero ndalama zimapezeka. [Dzuwa: Malangizo a Telefoni],What is the best way to save for school fees?,Set up a sinking fund: save a little each week so fees are available when due. [Source: Mobile operator guidance ],0.8200000000000001,0.67,0.7450000000000001,Chichewa,Budgeting & Saving
Kodi ndalama zochokera kumasitolo othandizira ndi chiyani? Ndani angandithandizire ndi izi?,Ndalama zimasiyana ndi opereka; Funsani wothandizira wanu kapena kuyang'ana mndandanda wamtengo musanachotse. [Gwero: IFID],What are the fees for withdrawing from agent shops? Who can help me with this?,Fees vary by provider; ask your agent or check the price list before you withdraw. [Source: IFAD],0.39999999999999997,0.6941176470588235,0.5470588235294117,Chichewa,Banking & Mobile Money
Kodi Kukongola Kubwereka Ndi Chiyani? Ndani angandithandizire ndi izi?,"Kubwereka zomwe mungabwezere, werengani mawu, ndipo pewani obwereketsa ndi malonjezo osatheka. [Dzuwa: Ogwiritsa Ntchito Ogula]",What is responsible borrowing? Who can help me with this?,"Borrow only what you can repay, read terms, and avoid lenders with unrealistic promises. [Source: Consumer Protection Authority]",0.9400000000000001,0.7333333333333334,0.8366666666666667,Chichewa,Credit & Loans
Kodi ndimatsata bwanji ndalama zazing'ono zatsiku ndi tsiku? Kodi ndiyenera kusamalira chiyani?,Lembani ndalama za tsiku ndi tsiku kapena gwiritsani ntchito pulogalamu yosavuta kuwona komwe ndalama zimayendera ndikudula mtengo. [Source: Wothandizira inshuwaransi],How do I track small daily expenses effectively? What should I watch out for?,Write down daily spending or use a simple app to see where money goes and cut avoidable costs. [Source: Insurance regulator ],0.7230769230769231,0.8363636363636364,0.7797202797202798,Chichewa,Budgeting & Saving
Kodi pali kusiyana kotani pakati pa ngongole zotetezeka komanso zosavomerezeka?,Ngongole zotetezedwa zimafunikira mndandanda wautali ndipo nthawi zambiri zimakhala ndi mitengo yotsika; Ngongole zosavomerezeka sizifuna cometeral. [Dzuwa: Chitsogozo cha banki],What is the difference between secured and unsecured loans?,Secured loans need collateral and often have lower rates; unsecured loans do not require collateral but cost more. [Source: Bank guidance],1.0,0.7473684210526317,0.8736842105263158,Chichewa,Credit & Loans
Kodi ndimalumikiza bwanji akaunti yanga ya banki kupita ku ndalama zam'manja? Kodi ndingachite bwanji izi zotsika mtengo?,Kulumikizana kumapangitsa kusiyanasiyana; Tsimikizani njirayi ndi banki yanu ndikuyang'ana ngongole yaying'ono. [Dzuwa: Malangizo a Telefoni],How do I link my bank account to mobile money? How can I do this cheaply?,Linking makes transfers easy; confirm the procedure with your bank and watch for small test debits. [Source: Mobile operator guidance],1.0,0.61,0.8049999999999999,Chichewa,Banking & Mobile Money
Kodi ndingapewe bwanji kugwa mu msampha? Kodi izi zikupezeka kumidzi?,"Kubwereka zomwe mungabwezere, werengani mawu, ndipo pewani obwereketsa ndi malonjezo osatheka. [Gwero: GSMA]",How can I avoid falling into a debt trap? Is this available in rural areas?,"Borrow only what you can repay, read terms, and avoid lenders with unrealistic promises. [Source: GSMA]",0.52,0.9625,0.74125,Chichewa,Credit & Loans
Kodi ziphuphu zimagwiritsa ntchito bwanji media zothandizira kuti zisachichenje? Kodi izi zikupezeka kumidzi?,"Ngati atapempha ndalama zakutsogolo kapena kwanu, mwina ndi vuto; Tsimikizani kudzera munjira zovomerezeka ndipo musathamangire. [Zoyambitsa: Reserve banki of Malawi]",How do scammers use social media to commit fraud? Is this available in rural areas?,"If an offer asks for money up-front or personal codes, it is likely a scam; verify through official channels and do not rush. [Source: Reserve Bank of Malawi]",0.39999999999999997,0.588095238095238,0.49404761904761896,Chichewa,Fraud Prevention & Scams
Kodi ziphuphu zimagwiritsa ntchito bwanji media zothandizira kuti zisachichenje? Kodi ndiyenera kusamalira chiyani?,"Ngati atapempha ndalama zakutsogolo kapena kwanu, mwina ndi vuto; Tsimikizani kudzera munjira zovomerezeka ndipo musathamangire. [Dzuwa: Ogwiritsa Ntchito Ogula]",How do scammers use social media to commit fraud? What should I watch out for?,"If an offer asks for money up-front or personal codes, it is likely a scam; verify through official channels and do not rush. [Source: Consumer Protection Authority]",0.27999999999999997,0.37777777777777777,0.3288888888888889,Chichewa,Fraud Prevention & Scams
Kodi ndimayang'ana bwanji ndalama zanga zam'manja? Kodi ndingachite bwanji izi zotsika mtengo?,Chongani pogwiritsa ntchito pulogalamu yovomerezeka kapena nambala ya USD ndikusunga ma sms kuchenjeza kuti mutsimikizire zochitika. [Dzuwa: Malangizo a Telefoni],How do I check my mobile money balance safely? How can I do this cheaply?,Check using the official app or USSD code and keep SMS alerts active to confirm transactions. [Source: Mobile operator guidance],0.6499999999999999,0.79,0.72,Chichewa,Banking & Mobile Money
Kodi chiwongola dzanja chimakhudza bwanji ndalama zanga pamwezi?,Chidwi chapamwamba chimatsikira ndalama zomwe mwezi uliwonse amalipira pamwezi; Sankhani mtengo wotsika kwambiri (yerekezerani apr). [Gwero: Fao],How do interest rates affect my monthly payment?,Higher interest increases monthly payments; choose the lowest total cost (compare APR). [Source: FAO],0.775,0.8285714285714285,0.8017857142857143,Chichewa,Credit & Loans
Kodi ndalama zotsika kwambiri ndi ziti? Kodi izi zikupezeka kumidzi?,Zosankha zotsika kwambiri zimaphatikizapo zomangira za boma kapena ndalama zopangidwa; Chongani mwayi ndi zochepa. [Gwero: NGO Phunziro lazachuma],What are low-risk investment options for beginners? Is this available in rural areas?,Low-risk options include some government bonds or diversified funds; check access and minimums. [Source: NGO financial education],0.32307692307692304,0.4823529411764706,0.40271493212669685,Chichewa,Investing basics
Kodi tingayerekeze bwanji kuti ayamikire mabizinesi ang'onoang'ono?,Chotsani ndalama zonse kuchokera ku malonda ndikugawana ndi malonda kuti mupeze malire; Tsatirani pafupipafupi kusintha mitengo. [Gwero: banki World],How to estimate profit margins for small businesses?,Subtract total costs from sales and divide by sales to get a margin; track regularly to adjust prices. [Source: World Bank],0.5,0.7789473684210526,0.6394736842105263,Chichewa,Small Business & Farming Finance
Kodi pulani yosavuta yopuma pantchito yanji? Kodi izi zikupezeka kumidzi?,Cholinga chosunga gawo lokhazikika la ndalama; Sungani ndalama ndikuwunika pachaka. [Gwero: Fao],What is a simple retirement saving plan for informal workers? Is this available in rural areas?,Aim to save a steady percentage of income; automate savings and review yearly. [Source: FAO],0.39999999999999997,0.6,0.5,Chichewa,Financial Planning & Retirement
Kodi ndingapange bwanji mawu achinsinsi a akaunti yanga?,Gwiritsani ntchito mapasiwedi achisanu ndi apadera komanso njira yosavuta yosungira (ngati manejala achinsinsi) ngati zingatheke. [Dzuwa: Malangizo a Telefoni],How can I create a strong password for my accounts?,"Use long, unique passwords and a simple way to store them (like a password manager) if possible. [Source: Mobile operator guidance]",0.88,0.62,0.75,Chichewa,Digital Financial Literacy
Kodi ndingapange bwanji mawu achinsinsi a akaunti yanga? Kodi izi zikupezeka kumidzi?,Gwiritsani ntchito mapasiwedi achisanu ndi apadera komanso njira yosavuta yosungira (ngati manejala achinsinsi) ngati zingatheke. [Gwero: Fao],How can I create a strong password for my accounts? Is this available in rural areas?,"Use long, unique passwords and a simple way to store them (like a password manager) if possible. [Source: FAO]",0.925,0.7333333333333334,0.8291666666666667,Chichewa,Digital Financial Literacy
Kodi ndimapangira bwanji kubzala mtengo?,"Kuwerengera ndalama, kupatula pasanjidwe, ndikusunga pafupipafupi pokolola kubzala. [Gwero: CGAPE]",How do I budget for planting season costs?,"Estimate input costs, set aside a contingency, and save regularly during harvest to cover planting. [Source: CGAP]",0.22499999999999998,0.07058823529411765,0.1477941176470588,Chichewa,Small Business & Farming Finance
Kodi Ndingazindikire Bwanji Ngongole Yabodza? Ndani angandithandizire ndi izi?,"Ngati atapempha ndalama zakutsogolo kapena kwanu, mwina ndi vuto; Tsimikizani kudzera munjira zovomerezeka ndipo musathamangire. [Gwero: CGAPE]",How can I recognize a fake loan offer? Who can help me with this?,"If an offer asks for money up-front or personal codes, it is likely a scam; verify through official channels and do not rush. [Source: CGAP]",0.8615384615384616,0.464,0.6627692307692308,Chichewa,Fraud Prevention & Scams
Kodi tingayerekeze bwanji kuti ayamikire mabizinesi ang'onoang'ono? Kodi ndingachite bwanji izi zotsika mtengo?,Chotsani ndalama zonse kuchokera ku malonda ndikugawana ndi malonda kuti mupeze malire; Tsatirani pafupipafupi kusintha mitengo. [Dzuwa: Malangizo a Telefoni],How to estimate profit margins for small businesses? How can I do this cheaply?,Subtract total costs from sales and divide by sales to get a margin; track regularly to adjust prices. [Source: Mobile operator guidance],0.6153846153846154,0.47000000000000003,0.5426923076923077,Chichewa,Small Business & Farming Finance
Kodi simputa yanji ndi momwe mungapewere?,Lumikizanani ndi opaleshoni yanu kuti muwonjezere zowonjezera zosintha ndipo sizigawana ndi Otps kapena zikhomo. [Dzuwa: Chitsogozo cha banki banki],What is SIM swap fraud and how to avoid it?,Contact your operator to add extra checks for changes and never share OTPs or PINs. [Source: Central Bank guidance],0.36,0.7473684210526317,0.5536842105263158,Chichewa,Digital Financial Literacy
Kodi ndimakwaniritsa bwanji ndalama zanga zomwe ndalama zimakhala zochepa? Kodi izi zikupezeka kumidzi?,"Phimbani zofunikira (chakudya, nyumba), kenako perekani pangozi zadzidzidzi musanafunike. [Gwero: Fao]",How do I prioritize my expenses when income is low? Is this available in rural areas?,"Cover essentials first (food, housing), then set aside for emergencies before wants. [Source: FAO ]",0.39999999999999997,0.72,0.5599999999999999,Chichewa,Budgeting & Saving
Kodi ndalama zochokera kumasitolo othandizira ndi chiyani? Kodi izi zikupezeka kumidzi?,Ndalama zimasiyana ndi opereka; Funsani wothandizira wanu kapena kuyang'ana mndandanda wamtengo musanachotse. [Gwero: IFC],What are the fees for withdrawing from agent shops? Is this available in rural areas?,Fees vary by provider; ask your agent or check the price list before you withdraw. [Source: IFC],0.39999999999999997,0.7294117647058824,0.5647058823529412,Chichewa,Banking & Mobile Money
Kodi ndalama zochokera kumasitolo othandizira ndi chiyani?,Ndalama zimasiyana ndi opereka; Funsani wothandizira wanu kapena kuyang'ana mndandanda wamtengo musanachotse. [Gwero: GSMA],What are the fees for withdrawing from agent shops?,Fees vary by provider; ask your agent or check the price list before you withdraw. [Source: GSMA],0.26666666666666666,0.7294117647058824,0.4980392156862745,Chichewa,Banking & Mobile Money
Kodi kutsimikizika kwa zinthu ziwiri ndi chiyani ndikugwiritsa ntchito? Kodi ndiyenera kusamalira chiyani?,Awiri-amawonjezera owonjezera owonjezera (code kapena biometric) amapangitsa maakaunti kukhala ovuta kwambiri kufikira akuba. [Dzuwa: Malangizo a Telefoni],What is two-factor authentication and why use it? What should I watch out for?,Two-factor adds an extra layer (code or biometric) making accounts much harder to access by thieves. [Source: Mobile operator guidance],0.6153846153846154,0.5800000000000001,0.5976923076923077,Chichewa,Digital Financial Literacy
Kodi Ndiyenera Kudziwa Zokhudza Mabizinesi Ang'onoang'ono?,Microcredit imatha kuthandiza mabizinesi ang'ono koma onani ndalama ndi kubweza mawu mosamala. [Gwero: CGAPE],What should I know about microcredit for small businesses?,Microcredit can help small businesses but check fees and repayment terms carefully. [Source: CGAP],0.6666666666666667,0.9142857142857143,0.7904761904761906,Chichewa,Credit & Loans
Kodi ndingapewe bwanji kugwa mu msampha?,"Kubwereka zomwe mungabwezere, werengani mawu, ndipo pewani obwereketsa ndi malonjezo osatheka. [Dzuwa: Chitsogozo cha banki banki]",How can I avoid falling into a debt trap?,"Borrow only what you can repay, read terms, and avoid lenders with unrealistic promises. [Source: Central Bank guidance]",0.4666666666666667,0.8666666666666667,0.6666666666666667,Chichewa,Credit & Loans
Ndi zikalata ziti zomwe zikufunika kuti mutsegule akaunti ya banki yoyambira?,Nthawi zambiri id ndi chitsimikizo cha adilesi; Maakaunti ang'onoang'ono amatha kuvomera zolemba zosavuta. [Source: Wothandizira inshuwaransi],What documents are needed to open a basic bank account?,Typically an ID and proof of address; smaller accounts may accept simpler documentation. [Source: Insurance regulator],0.9400000000000001,0.7375,0.8387500000000001,Chichewa,Banking & Mobile Money
Kodi ndilingalire zochuluka motani kupulumutsa mwezi uliwonse mtsogolo? Ndani angandithandizire ndi izi?,Cholinga chosunga gawo lokhazikika la ndalama; Sungani ndalama ndikuwunika pachaka. [Zogwedetsa: SM Mtsogoleri],How much should I aim to save each month for the future? Who can help me with this?,Aim to save a steady percentage of income; automate savings and review yearly. [Source: SME guides],0.9333333333333333,0.5,0.7166666666666667,Chichewa,Financial Planning & Retirement
Kodi ndimayika bwanji zonena za kutaya mbewu?,Index kapena inshuwaransi yamagulu imatha kukhala yotsika mtengo kwa alimi ang'onoang'ono; Onani zoyambitsa ndi zopereka malamulo. [Zoyambitsa: Reserve banki of Malawi],How do I file a claim for crop loss?,Index or group insurance can be affordable for small farmers; check triggers and claim rules. [Source: Reserve Bank of Malawi],0.5333333333333333,0.91,0.7216666666666667,Chichewa,Insurance & Risk
Kodi kutsimikizika kwa zinthu ziwiri ndi chiyani ndikugwiritsa ntchito? Kodi izi zikupezeka kumidzi?,Awiri-amawonjezera owonjezera owonjezera (code kapena biometric) amapangitsa maakaunti kukhala ovuta kwambiri kufikira akuba. [Gwero: GSMA],What is two-factor authentication and why use it? Is this available in rural areas?,Two-factor adds an extra layer (code or biometric) making accounts much harder to access by thieves. [Source: GSMA],0.7538461538461538,0.6666666666666667,0.7102564102564103,Chichewa,Digital Financial Literacy
Ndi mitundu yanji ya inshuwaransi yomwe alimi ang'onoang'ono amakhala? Ndani angandithandizire ndi izi?,Index kapena inshuwaransi yamagulu imatha kukhala yotsika mtengo kwa alimi ang'onoang'ono; Onani zoyambitsa ndi zopereka malamulo. [Gwero: IFID],What kinds of insurance can small farmers get? Who can help me with this?,Index or group insurance can be affordable for small farmers; check triggers and claim rules. [Source: IFAD],0.9076923076923077,0.8588235294117647,0.8832579185520362,Chichewa,Insurance & Risk
Ndi malamulo ati omwe amakhalapo motsutsana ndi ngongole yobisika? Kodi izi zikupezeka kumidzi?,"Funsani mawu omveka bwino, sungani umboni wa zochitika, ndipo gwiritsani ntchito njira zovomerezeka. [Gwero: IFID]",What protections exist against hidden loan charges? Is this available in rural areas?,"Ask for clear terms, keep proof of transactions, and use official channels for services. [Source: IFAD]",0.46153846153846156,0.32,0.39076923076923076,Chichewa,Consumer Protection & Fraud Awareness
Kodi kuli kotetezeka kuwerengera ndalama zazing'ono mu gulu losunga ndalama? Kodi izi zikupezeka kumidzi?,"Funsani mawu omveka bwino, sungani umboni wa zochitika, ndipo gwiritsani ntchito njira zovomerezeka. [Zoyambitsa: Reserve banki of Malawi]",Is it safe to invest small amounts in a savings group? Is this available in rural areas?,"Ask for clear terms, keep proof of transactions, and use official channels for services. [Source: Reserve Bank of Malawi]",0.6799999999999999,0.5882352941176471,0.6341176470588235,Chichewa,Investing basics
Kodi ndimadziteteza bwanji ku ziphuphu?,"Ngati atapempha ndalama zakutsogolo kapena kwanu, mwina ndi vuto; Tsimikizani kudzera munjira zovomerezeka ndipo musathamangire. [Gwero: IFC]",How do I protect myself from investment scams?,"If an offer asks for money up-front or personal codes, it is likely a scam; verify through official channels and do not rush. [Source: IFC]",0.5499999999999999,0.488,0.5189999999999999,Chichewa,Fraud Prevention & Scams
Kodi ndilingalire zochuluka motani kupulumutsa mwezi uliwonse mtsogolo? Kodi ndingachite bwanji izi zotsika mtengo?,Cholinga chosunga gawo lokhazikika la ndalama; Sungani ndalama ndikuwunika pachaka. [Gwero: banki World],How much should I aim to save each month for the future? How can I do this cheaply?,Aim to save a steady percentage of income; automate savings and review yearly. [Source: World Bank],0.925,0.6525,0.7887500000000001,Chichewa,Financial Planning & Retirement
Kodi zizindikiro zodziwika bwino za tsamba la kukokola ndi chinyengo? Ndani angandithandizire ndi izi?,"Ngati atapempha ndalama zakutsogolo kapena kwanu, mwina ndi vuto; Tsimikizani kudzera munjira zovomerezeka ndipo musathamangire. [Gwero: GSMA]",What are common signs of a phishing website? Who can help me with this?,"If an offer asks for money up-front or personal codes, it is likely a scam; verify through official channels and do not rush. [Source: GSMA]",0.5571428571428572,0.488,0.5225714285714286,Chichewa,Fraud Prevention & Scams
Kodi Maofesi Amafuna Bwanji Kuti Alimi Apeze Zachuma? Ndani angandithandizire ndi izi?,"Makamaka mamembala a Pool kuti mupeze ndalama, zopereka zambiri, komanso mitengo yabwino. [Gwero: banki World]",How can cooperatives help farmers access finance? Who can help me with this?,"Cooperatives pool members to access finance, bulk inputs, and better prices. [Source: World Bank]",0.6363636363636364,0.7428571428571429,0.6896103896103896,Chichewa,Small Business & Farming Finance
Ndi zinthu ziti zomwe ndiyenera kutenga ngati ndalama zanga zam'manja zabedwa? Ndani angandithandizire ndi izi?,Nenani kwa wogwiritsa ntchito mafoni anu ndi banki nthawi yomweyo ndikupereka umboni ngati ma SMS ndi ID. [Gwero: NGO Phunziro lazachuma],What steps should I take if my mobile money is stolen? Who can help me with this?,Report to your mobile operator and bank immediately and provide evidence like SMS and transaction IDs. [Source: NGO financial education],0.9294117647058824,0.6,0.7647058823529411,Chichewa,Fraud Prevention & Scams
Kodi ndimawerenga bwanji mgwirizano wobwereketsa? Kodi izi zikupezeka kumidzi?,"Funsani mawu omveka bwino, sungani umboni wa zochitika, ndipo gwiritsani ntchito njira zovomerezeka. [Zogwedetsa: SM Mtsogoleri]",How do I read a loan contract properly? Is this available in rural areas?,"Ask for clear terms, keep proof of transactions, and use official channels for services. [Source: SME guides]",0.42857142857142855,0.2625,0.3455357142857143,Chichewa,Consumer Protection & Fraud Awareness
Kodi pali kusiyana kotani pakati pa moyo ndi maliro? Kodi ndingachite bwanji izi zotsika mtengo?,Moyo kapena chivundikiro pamalipiro amalipira anthu otchedwa anthu; Fananizani ndalama ndi zotumphukira. [Dzuwa: Chitsogozo cha banki],What is the difference between life and funeral cover? How can I do this cheaply?,Life or funeral cover pays a benefit to named persons; compare premiums and exclusions. [Source: Bank guidance],0.52,0.6470588235294118,0.5835294117647059,Chichewa,Insurance & Risk
Kodi ndimayika bwanji zonena za kutaya mbewu? Ndani angandithandizire ndi izi?,Index kapena inshuwaransi yamagulu imatha kukhala yotsika mtengo kwa alimi ang'onoang'ono; Onani zoyambitsa ndi zopereka malamulo. [Gwero: IFC],How do I file a claim for crop loss? Who can help me with this?,Index or group insurance can be affordable for small farmers; check triggers and claim rules. [Source: IFC],0.6399999999999999,0.8941176470588235,0.7670588235294117,Chichewa,Insurance & Risk
Ndi mitundu yanji ya inshuwaransi yomwe alimi ang'onoang'ono amakhala? Kodi ndingachite bwanji izi zotsika mtengo?,Index kapena inshuwaransi yamagulu imatha kukhala yotsika mtengo kwa alimi ang'onoang'ono; Onani zoyambitsa ndi zopereka malamulo. [Gwero: Fao],What kinds of insurance can small farmers get? How can I do this cheaply?,Index or group insurance can be affordable for small farmers; check triggers and claim rules. [Source: FAO],0.9076923076923077,0.8941176470588235,0.9009049773755655,Chichewa,Insurance & Risk
Kodi ndimapeza bwanji chitsogozo chaboma pa chindapusa ndi milandu? Kodi ndiyenera kusamalira chiyani?,Yang'anani Authority kapena Ogwiritsa Ntchito chitetezo choteteza boma ndi kudandaula. [Gwero: NGO Phunziro lazachuma],How do I find official guidance on fees and charges? What should I watch out for?,Check the local regulator or consumer protection authority for official guidance and complaint steps. [Source: NGO financial education],0.56,0.7,0.63,Chichewa,Financial Rights & Regulations
Kodi ndikupenda bwanji mkangano ndi banki? Kodi ndingachite bwanji izi zotsika mtengo?,"Funsani mawu omveka bwino, sungani umboni wa zochitika, ndipo gwiritsani ntchito njira zovomerezeka. [Gwero: NGO Phunziro lazachuma]",How do I escalate a dispute with a bank? How can I do this cheaply?,"Ask for clear terms, keep proof of transactions, and use official channels for services. [Source: NGO financial education]",0.9454545454545454,0.3176470588235294,0.6315508021390375,Chichewa,Consumer Protection & Fraud Awareness
Kodi ndalama zotsika kwambiri ndi ziti? Ndani angandithandizire ndi izi?,Zosankha zotsika kwambiri zimaphatikizapo zomangira za boma kapena ndalama zopangidwa; Chongani mwayi ndi zochepa. [Zoyambitsa: IMF],What are low-risk investment options for beginners? Who can help me with this?,Low-risk options include some government bonds or diversified funds; check access and minimums. [Source: IMF],0.32307692307692304,0.52,0.42153846153846153,Chichewa,Investing basics
Zoyenera kuchita ngati ntchito ikundiweruza kuti ndi ndalama zopanda chilungamo?,"Funsani mawu omveka bwino, sungani umboni wa zochitika, ndipo gwiritsani ntchito njira zovomerezeka. [Gwero: GSMA]",What to do if a service charges me unfair fees?,"Ask for clear terms, keep proof of transactions, and use official channels for services. [Source: GSMA]",0.5,0.36,0.43,Chichewa,Consumer Protection & Fraud Awareness
Kodi chiwongola dzanja chimakhudza bwanji ndalama zanga pamwezi? Ndani angandithandizire ndi izi?,Chidwi chapamwamba chimatsikira ndalama zomwe mwezi uliwonse amalipira pamwezi; Sankhani mtengo wotsika kwambiri (yerekezerani apr). [Gwero: CGAPE],How do interest rates affect my monthly payment? Who can help me with this?,Higher interest increases monthly payments; choose the lowest total cost (compare APR). [Source: CGAP],0.8714285714285714,0.7857142857142858,0.8285714285714286,Chichewa,Credit & Loans
Kodi ndalama zam'manja zikuyenda bwanji poyerekeza ndi banki? Kodi ndingachite bwanji izi zotsika mtengo?,Onse akhoza kukhala otetezeka ngati mungateteze pini yanu ndi foni; Banks imatha kupereka chitetezo chokhazikika pomwe ndalama zam'magalimoto ndizosavuta. [Source: Wothandizira inshuwaransi],How secure is mobile money compared to a bank? How can I do this cheaply?,Both can be secure if you protect your PIN and phone; banks may offer deposit protection while mobile money is convenient. [Source: Insurance regulator],0.9142857142857143,0.5785714285714286,0.7464285714285714,Chichewa,Banking & Mobile Money
Kodi ndimadziteteza bwanji ku ziphuphu? Kodi ndiyenera kusamalira chiyani?,"Ngati atapempha ndalama zakutsogolo kapena kwanu, mwina ndi vuto; Tsimikizani kudzera munjira zovomerezeka ndipo musathamangire. [Zoyambitsa: Reserve banki of Malawi]",How do I protect myself from investment scams? What should I watch out for?,"If an offer asks for money up-front or personal codes, it is likely a scam; verify through official channels and do not rush. [Source: Reserve Bank of Malawi]",0.46923076923076923,0.588095238095238,0.5286630036630036,Chichewa,Fraud Prevention & Scams
Kodi pali kusiyana kotani pakati pa ngongole zotetezeka komanso zosavomerezeka? Kodi ndingachite bwanji izi zotsika mtengo?,Ngongole zotetezedwa zimafunikira mndandanda wautali ndipo nthawi zambiri zimakhala ndi mitengo yotsika; Ngongole zosavomerezeka sizifuna cometeral. [Dzuwa: Chitsogozo cha banki],What is the difference between secured and unsecured loans? How can I do this cheaply?,Secured loans need collateral and often have lower rates; unsecured loans do not require collateral but cost more. [Source: Bank guidance],1.0,0.7473684210526317,0.8736842105263158,Chichewa,Credit & Loans
Kodi ndalama zam'manja zikuyenda bwanji poyerekeza ndi banki? Kodi izi zikupezeka kumidzi?,Onse akhoza kukhala otetezeka ngati mungateteze pini yanu ndi foni; Banks imatha kupereka chitetezo chokhazikika pomwe ndalama zam'magalimoto ndizosavuta. [Dzuwa: Malangizo a Telefoni],How secure is mobile money compared to a bank? Is this available in rural areas?,Both can be secure if you protect your PIN and phone; banks may offer deposit protection while mobile money is convenient. [Source: Mobile operator guidance],0.9142857142857143,0.5,0.7071428571428571,Chichewa,Banking & Mobile Money
Zoyenera kuchita ngati ntchito ikundiweruza kuti ndi ndalama zopanda chilungamo? Ndani angandithandizire ndi izi?,"Funsani mawu omveka bwino, sungani umboni wa zochitika, ndipo gwiritsani ntchito njira zovomerezeka. [Dzuwa: Ogwiritsa Ntchito Ogula]",What to do if a service charges me unfair fees? Who can help me with this?,"Ask for clear terms, keep proof of transactions, and use official channels for services. [Source: Consumer Protection Authority]",0.6,0.2823529411764706,0.4411764705882353,Chichewa,Consumer Protection & Fraud Awareness
Kodi kugwiritsa ntchito intaneti kuli kotetezeka bwanji? Kodi ndingachite bwanji izi zotsika mtengo?,Pewani zochitika zamalonda pa Wi-Fi; Gwiritsani ntchito deta yam'manja kapena vpn ndikusintha mapulogalamu pafupipafupi. [Source: Wothandizira inshuwaransi],How safe is using public Wi-Fi for banking? How can I do this cheaply?,Avoid sensitive transactions on public Wi-Fi; use mobile data or a VPN and update apps regularly. [Source: Insurance regulator],0.5692307692307692,0.6421052631578947,0.605668016194332,Chichewa,Digital Financial Literacy
Kodi Kukongola Kubwereka Ndi Chiyani? Kodi izi zikupezeka kumidzi?,"Kubwereka zomwe mungabwezere, werengani mawu, ndipo pewani obwereketsa ndi malonjezo osatheka. [Dzuwa: Malangizo a Telefoni]",What is responsible borrowing? Is this available in rural areas?,"Borrow only what you can repay, read terms, and avoid lenders with unrealistic promises. [Source: Mobile operator guidance]",0.9333333333333333,0.8333333333333333,0.8833333333333333,Chichewa,Credit & Loans
Kodi Ndingayambe Bwanji Bajeti Yanyumba? Kodi ndingachite bwanji izi zotsika mtengo?,"Pangani mndandanda wosavuta wa ndalama ndi ndalama zolipirira, ikani zinthu zofunika kwambiri nthawi zonse mukalandira ndalama. [Gwero: GSMA]",How can I start a household budget? How can I do this cheaply?,"Make a simple list of income and expenses, set priorities, and save a small fixed amount every time you receive money. [Source: GSMA ]",0.9400000000000001,0.6818181818181819,0.810909090909091,Chichewa,Budgeting & Saving
Kodi Ndiyenera Kudziwa Zokhudza Mabizinesi Ang'onoang'ono? Kodi ndiyenera kusamalira chiyani?,Microcredit imatha kuthandiza mabizinesi ang'ono koma onani ndalama ndi kubweza mawu mosamala. [Gwero: banki World],What should I know about microcredit for small businesses? What should I watch out for?,Microcredit can help small businesses but check fees and repayment terms carefully. [Source: World Bank],0.55,0.96,0.755,Chichewa,Credit & Loans
Kodi pali kusiyana kotani pakati pa moyo ndi maliro? Kodi izi zikupezeka kumidzi?,Moyo kapena chivundikiro pamalipiro amalipira anthu otchedwa anthu; Fananizani ndalama ndi zotumphukira. [Gwero: IFID],What is the difference between life and funeral cover? Is this available in rural areas?,Life or funeral cover pays a benefit to named persons; compare premiums and exclusions. [Source: IFAD],0.5142857142857142,0.6625000000000001,0.5883928571428572,Chichewa,Insurance & Risk
Kodi ndimakwaniritsa bwanji ndalama zanga zomwe ndalama zimakhala zochepa?,"Phimbani zofunikira (chakudya, nyumba), kenako perekani pangozi zadzidzidzi musanafunike. [Zoyambitsa: IMF]",How do I prioritize my expenses when income is low?,"Cover essentials first (food, housing), then set aside for emergencies before wants. [Source: IMF ]",0.24,0.72,0.48,Chichewa,Budgeting & Saving
Ndi malamulo ati omwe amakhalapo motsutsana ndi ngongole yobisika? Ndani angandithandizire ndi izi?,"Funsani mawu omveka bwino, sungani umboni wa zochitika, ndipo gwiritsani ntchito njira zovomerezeka. [Gwero: banki World]",What protections exist against hidden loan charges? Who can help me with this?,"Ask for clear terms, keep proof of transactions, and use official channels for services. [Source: World Bank]",0.46153846153846156,0.575,0.5182692307692307,Chichewa,Consumer Protection & Fraud Awareness
Ndani amapangira malamulo obanki ndi ufulu wa makasitomala? Kodi ndiyenera kusamalira chiyani?,Yang'anani Authority kapena Ogwiritsa Ntchito chitetezo choteteza boma ndi kudandaula. [Dzuwa: Chitsogozo cha banki],Who enforces banking rules and customer rights? What should I watch out for?,Check the local regulator or consumer protection authority for official guidance and complaint steps. [Source: Bank guidance],0.7230769230769231,0.6823529411764706,0.7027149321266968,Chichewa,Financial Rights & Regulations
Ndi malamulo ati omwe amakhalapo motsutsana ndi ngongole yobisika? Kodi ndingachite bwanji izi zotsika mtengo?,"Funsani mawu omveka bwino, sungani umboni wa zochitika, ndipo gwiritsani ntchito njira zovomerezeka. [Gwero: CGAPE]",What protections exist against hidden loan charges? How can I do this cheaply?,"Ask for clear terms, keep proof of transactions, and use official channels for services. [Source: CGAP]",0.46153846153846156,0.32,0.39076923076923076,Chichewa,Consumer Protection & Fraud Awareness
Kodi ndilingalire zochuluka motani kupulumutsa mwezi uliwonse mtsogolo? Kodi ndiyenera kusamalira chiyani?,Cholinga chosunga gawo lokhazikika la ndalama; Sungani ndalama ndikuwunika pachaka. [Gwero: IFC],How much should I aim to save each month for the future? What should I watch out for?,Aim to save a steady percentage of income; automate savings and review yearly. [Source: IFC],0.8125,0.6,0.70625,Chichewa,Financial Planning & Retirement
Kodi ndalama zam'manja zikuyenda bwanji poyerekeza ndi banki? Kodi ndiyenera kusamalira chiyani?,Onse akhoza kukhala otetezeka ngati mungateteze pini yanu ndi foni; Banks imatha kupereka chitetezo chokhazikika pomwe ndalama zam'magalimoto ndizosavuta. [Gwero: CGAPE],How secure is mobile money compared to a bank? What should I watch out for?,Both can be secure if you protect your PIN and phone; banks may offer deposit protection while mobile money is convenient. [Source: CGAP],0.8,0.5391304347826087,0.6695652173913044,Chichewa,Banking & Mobile Money
Kodi ndalama zochokera kumasitolo othandizira ndi chiyani? Kodi ndingachite bwanji izi zotsika mtengo?,Ndalama zimasiyana ndi opereka; Funsani wothandizira wanu kapena kuyang'ana mndandanda wamtengo musanachotse. [Gwero: banki World],What are the fees for withdrawing from agent shops? How can I do this cheaply?,Fees vary by provider; ask your agent or check the price list before you withdraw. [Source: World Bank],0.39999999999999997,0.8,0.6,Chichewa,Banking & Mobile Money
Kodi njira yabwino yosungira ndalama ndi ziti? Kodi ndiyenera kusamalira chiyani?,Khazikitsani thumba lozama: Sungani pang'ono sabata iliyonse kotero ndalama zimapezeka. [Gwero: IFID],What is the best way to save for school fees? What should I watch out for?,Set up a sinking fund: save a little each week so fees are available when due. [Source: IFAD ],0.76,0.7333333333333334,0.7466666666666667,Chichewa,Budgeting & Saving
Kodi ndalama zotsika kwambiri ndi ziti? Kodi ndiyenera kusamalira chiyani?,Zosankha zotsika kwambiri zimaphatikizapo zomangira za boma kapena ndalama zopangidwa; Chongani mwayi ndi zochepa. [Dzuwa: Chitsogozo cha banki],What are low-risk investment options for beginners? What should I watch out for?,Low-risk options include some government bonds or diversified funds; check access and minimums. [Source: Bank guidance],0.15,0.6625000000000001,0.40625000000000006,Chichewa,Investing basics
Kodi Kukongola Kubwereka Ndi Chiyani? Kodi ndiyenera kusamalira chiyani?,"Kubwereka zomwe mungabwezere, werengani mawu, ndipo pewani obwereketsa ndi malonjezo osatheka. [Zoyambitsa: IMF]",What is responsible borrowing? What should I watch out for?,"Borrow only what you can repay, read terms, and avoid lenders with unrealistic promises. [Source: IMF]",0.7333333333333334,0.9625,0.8479166666666667,Chichewa,Credit & Loans
Kodi malo ogulitsira ang'ono ayenera kukhala ndi ngongole yanji? Kodi izi zikupezeka kumidzi?,Sungani mbiri yosavuta yogulitsa komanso ndalama zolipirira kuti muwonetse ndalama zoyendera ndi kuthandizira ngongole. [Gwero: banki World],What records should small shops keep for a loan? Is this available in rural areas?,Keep simple sales and expense records to show cash flow and support loan applications. [Source: World Bank],0.39999999999999997,0.4708333333333333,0.4354166666666667,Chichewa,Small Business & Farming Finance
Kodi Ndingayambe Bwanji Bajeti Yanyumba? Kodi izi zikupezeka kumidzi?,"Pangani mndandanda wosavuta wa ndalama ndi ndalama zolipirira, ikani zinthu zofunika kwambiri nthawi zonse mukalandira ndalama. [Source: Wothandizira inshuwaransi]",How can I start a household budget? Is this available in rural areas?,"Make a simple list of income and expenses, set priorities, and save a small fixed amount every time you receive money. [Source: Insurance regulator ]",0.9076923076923077,0.711304347826087,0.8094983277591974,Chichewa,Budgeting & Saving
Kodi Maofesi Amafuna Bwanji Kuti Alimi Apeze Zachuma? Kodi ndiyenera kusamalira chiyani?,"Makamaka mamembala a Pool kuti mupeze ndalama, zopereka zambiri, komanso mitengo yabwino. [Zoyambitsa: IMF]",How can cooperatives help farmers access finance? What should I watch out for?,"Cooperatives pool members to access finance, bulk inputs, and better prices. [Source: IMF]",0.4307692307692308,0.523076923076923,0.4769230769230769,Chichewa,Small Business & Farming Finance
Ndi zikalata ziti zomwe zikufunika kuti mutsegule akaunti ya banki yoyambira? Ndani angandithandizire ndi izi?,Nthawi zambiri id ndi chitsimikizo cha adilesi; Maakaunti ang'onoang'ono amatha kuvomera zolemba zosavuta. [Zoyambitsa: Reserve banki of Malawi],What documents are needed to open a basic bank account? Who can help me with this?,Typically an ID and proof of address; smaller accounts may accept simpler documentation. [Source: Reserve Bank of Malawi],0.9625,0.8235294117647058,0.893014705882353,Chichewa,Banking & Mobile Money
Kodi kutumphuka ndi chidwi zimasokoneza bwanji ndalama zanga? Ndani angandithandizire ndi izi?,Kukwera kumachepetsa kugula mphamvu; Cholinga cha zida zosakanikirana zomwe zimatha kusamala ndi kuchuluka kwake. [Gwero: CGAPE],How do inflation and interest affect my savings? Who can help me with this?,Inflation reduces buying power; aim for a mix of instruments that can keep pace with inflation. [Source: CGAP],0.6047619047619047,0.3666666666666667,0.4857142857142857,Chichewa,Investing basics
Kodi ndiyenera kusintha mapulogalamu anga ati? Kodi ndingachite bwanji izi zotsika mtengo?,Zosintha za chitetezo patch; Khazikitsani mapulogalamu kuti musinthe zokha komwe kuli kotheka. [Dzuwa: Malangizo a Telefoni],When should I update my banking apps? How can I do this cheaply?,Updates patch security issues; set apps to update automatically where possible. [Source: Mobile operator guidance],0.3,0.72,0.51,Chichewa,Digital Financial Literacy
Kodi pulani yosavuta yopuma pantchito yanji? Ndani angandithandizire ndi izi?,Cholinga chosunga gawo lokhazikika la ndalama; Sungani ndalama ndikuwunika pachaka. [Gwero: NGO Phunziro lazachuma],What is a simple retirement saving plan for informal workers? Who can help me with this?,Aim to save a steady percentage of income; automate savings and review yearly. [Source: NGO financial education],0.4125,0.5529411764705883,0.4827205882352941,Chichewa,Financial Planning & Retirement
Ndi malamulo ati omwe amakhalapo motsutsana ndi ngongole yobisika? Kodi ndiyenera kusamalira chiyani?,"Funsani mawu omveka bwino, sungani umboni wa zochitika, ndipo gwiritsani ntchito njira zovomerezeka. [Gwero: banki World]",What protections exist against hidden loan charges? What should I watch out for?,"Ask for clear terms, keep proof of transactions, and use official channels for services. [Source: World Bank]",0.3,0.575,0.4375,Chichewa,Consumer Protection & Fraud Awareness
Kodi malo ogulitsira ang'ono ayenera kukhala ndi ngongole yanji? Kodi ndingachite bwanji izi zotsika mtengo?,Sungani mbiri yosavuta yogulitsa komanso ndalama zolipirira kuti muwonetse ndalama zoyendera ndi kuthandizira ngongole. [Dzuwa: Malangizo a Telefoni],What records should small shops keep for a loan? How can I do this cheaply?,Keep simple sales and expense records to show cash flow and support loan applications. [Source: Mobile operator guidance],0.39999999999999997,0.21176470588235294,0.30588235294117644,Chichewa,Small Business & Farming Finance
Kodi kuli kotetezeka kuwerengera ndalama zazing'ono mu gulu losunga ndalama? Ndani angandithandizire ndi izi?,"Funsani mawu omveka bwino, sungani umboni wa zochitika, ndipo gwiritsani ntchito njira zovomerezeka. [Dzuwa: Chitsogozo cha banki]",Is it safe to invest small amounts in a savings group? Who can help me with this?,"Ask for clear terms, keep proof of transactions, and use official channels for services. [Source: Bank guidance]",0.6941176470588235,0.5,0.5970588235294118,Chichewa,Investing basics
Kodi ndingapewe bwanji kugwa mu msampha? Ndani angandithandizire ndi izi?,"Kubwereka zomwe mungabwezere, werengani mawu, ndipo pewani obwereketsa ndi malonjezo osatheka. [Gwero: Fao]",How can I avoid falling into a debt trap? Who can help me with this?,"Borrow only what you can repay, read terms, and avoid lenders with unrealistic promises. [Source: FAO]",0.5142857142857142,0.9625,0.7383928571428571,Chichewa,Credit & Loans
Kodi ziphuphu zimagwiritsa ntchito bwanji media zothandizira kuti zisachichenje? Ndani angandithandizire ndi izi?,"Ngati atapempha ndalama zakutsogolo kapena kwanu, mwina ndi vuto; Tsimikizani kudzera munjira zovomerezeka ndipo musathamangire. [Zoyambitsa: Reserve banki of Malawi]",How do scammers use social media to commit fraud? Who can help me with this?,"If an offer asks for money up-front or personal codes, it is likely a scam; verify through official channels and do not rush. [Source: Reserve Bank of Malawi]",0.39999999999999997,0.588095238095238,0.49404761904761896,Chichewa,Fraud Prevention & Scams
Kodi ndiyenera kusintha mapulogalamu anga ati? Kodi izi zikupezeka kumidzi?,Zosintha za chitetezo patch; Khazikitsani mapulogalamu kuti musinthe zokha komwe kuli kotheka. [Gwero: Fao],When should I update my banking apps? Is this available in rural areas?,Updates patch security issues; set apps to update automatically where possible. [Source: FAO],0.32307692307692304,0.8615384615384616,0.5923076923076923,Chichewa,Digital Financial Literacy
Kodi kutumphuka ndi chidwi zimasokoneza bwanji ndalama zanga? Kodi ndiyenera kusamalira chiyani?,Kukwera kumachepetsa kugula mphamvu; Cholinga cha zida zosakanikirana zomwe zimatha kusamala ndi kuchuluka kwake. [Dzuwa: Chitsogozo cha banki banki],How do inflation and interest affect my savings? What should I watch out for?,Inflation reduces buying power; aim for a mix of instruments that can keep pace with inflation. [Source: Central Bank guidance],0.47619047619047616,0.55,0.513095238095238,Chichewa,Investing basics
Kodi simputa yanji ndi momwe mungapewere? Kodi ndiyenera kusamalira chiyani?,Lumikizanani ndi opaleshoni yanu kuti muwonjezere zowonjezera zosintha ndipo sizigawana ndi Otps kapena zikhomo. [Dzuwa: Chitsogozo cha banki banki],What is SIM swap fraud and how to avoid it? What should I watch out for?,Contact your operator to add extra checks for changes and never share OTPs or PINs. [Source: Central Bank guidance],0.32,0.7473684210526317,0.5336842105263159,Chichewa,Digital Financial Literacy
Kodi kuli kotetezeka kuwerengera ndalama zazing'ono mu gulu losunga ndalama? Kodi ndingachite bwanji izi zotsika mtengo?,"Funsani mawu omveka bwino, sungani umboni wa zochitika, ndipo gwiritsani ntchito njira zovomerezeka. [Gwero: IFID]",Is it safe to invest small amounts in a savings group? How can I do this cheaply?,"Ask for clear terms, keep proof of transactions, and use official channels for services. [Source: IFAD]",0.6941176470588235,0.32,0.5070588235294118,Chichewa,Investing basics
Kodi Ndingayambe Bwanji Bajeti Yanyumba? Ndani angandithandizire ndi izi?,"Pangani mndandanda wosavuta wa ndalama ndi ndalama zolipirira, ikani zinthu zofunika kwambiri nthawi zonse mukalandira ndalama. [Dzuwa: Malangizo a Telefoni]",How can I start a household budget? Who can help me with this?,"Make a simple list of income and expenses, set priorities, and save a small fixed amount every time you receive money. [Source: Mobile operator guidance ]",0.95,0.625,0.7875,Chichewa,Budgeting & Saving
Kodi ndimatsata bwanji ndalama zazing'ono zatsiku ndi tsiku? Kodi izi zikupezeka kumidzi?,Lembani ndalama za tsiku ndi tsiku kapena gwiritsani ntchito pulogalamu yosavuta kuwona komwe ndalama zimayendera ndikudula mtengo. [Source: Wothandizira inshuwaransi],How do I track small daily expenses effectively? Is this available in rural areas?,Write down daily spending or use a simple app to see where money goes and cut avoidable costs. [Source: Insurance regulator ],0.8714285714285714,0.8363636363636364,0.8538961038961039,Chichewa,Budgeting & Saving
Kodi kugwiritsa ntchito intaneti kuli kotetezeka bwanji? Kodi ndiyenera kusamalira chiyani?,Pewani zochitika zamalonda pa Wi-Fi; Gwiritsani ntchito deta yam'manja kapena vpn ndikusintha mapulogalamu pafupipafupi. [Gwero: GSMA],How safe is using public Wi-Fi for banking? What should I watch out for?,Avoid sensitive transactions on public Wi-Fi; use mobile data or a VPN and update apps regularly. [Source: GSMA],0.45714285714285713,0.4666666666666667,0.46190476190476193,Chichewa,Digital Financial Literacy
Kodi ndimawerenga bwanji mgwirizano wobwereketsa? Ndani angandithandizire ndi izi?,"Funsani mawu omveka bwino, sungani umboni wa zochitika, ndipo gwiritsani ntchito njira zovomerezeka. [Gwero: NGO Phunziro lazachuma]",How do I read a loan contract properly? Who can help me with this?,"Ask for clear terms, keep proof of transactions, and use official channels for services. [Source: NGO financial education]",0.42857142857142855,0.3176470588235294,0.373109243697479,Chichewa,Consumer Protection & Fraud Awareness
Kodi ndi ziti zomwe zingapulumuke kuwononga mabanja? Ndani angandithandizire ndi izi?,"Yambani zing'onozing'ono, khalani ndi zolinga zomveka bwino, ndipo sungani ndalama zolekanitsa kuti musagwiritse ntchito molakwika. [Gwero: IFID]",What are affordable saving habits for families? Who can help me with this?,"Start small, set clear goals, and keep savings separate to avoid spending them by mistake. [Source: IFAD ]",0.36923076923076925,0.26666666666666666,0.31794871794871793,Chichewa,Budgeting & Saving
Kodi chiwongola dzanja chimakhudza bwanji ndalama zanga pamwezi? Kodi izi zikupezeka kumidzi?,Chidwi chapamwamba chimatsikira ndalama zomwe mwezi uliwonse amalipira pamwezi; Sankhani mtengo wotsika kwambiri (yerekezerani apr). [Zogwedetsa: SM Mtsogoleri],How do interest rates affect my monthly payment? Is this available in rural areas?,Higher interest increases monthly payments; choose the lowest total cost (compare APR). [Source: SME guides],0.8714285714285714,0.72,0.7957142857142857,Chichewa,Credit & Loans
Kodi tingayerekeze bwanji kuti ayamikire mabizinesi ang'onoang'ono? Kodi izi zikupezeka kumidzi?,Chotsani ndalama zonse kuchokera ku malonda ndikugawana ndi malonda kuti mupeze malire; Tsatirani pafupipafupi kusintha mitengo. [Dzuwa: Chitsogozo cha banki],How to estimate profit margins for small businesses? Is this available in rural areas?,Subtract total costs from sales and divide by sales to get a margin; track regularly to adjust prices. [Source: Bank guidance],0.6285714285714286,0.7157894736842105,0.6721804511278195,Chichewa,Small Business & Farming Finance
Kodi ndi ziti zomwe zingapulumuke kuwononga mabanja? Kodi ndingachite bwanji izi zotsika mtengo?,"Yambani zing'onozing'ono, khalani ndi zolinga zomveka bwino, ndipo sungani ndalama zolekanitsa kuti musagwiritse ntchito molakwika. [Dzuwa: Chitsogozo cha banki banki]",What are affordable saving habits for families? How can I do this cheaply?,"Start small, set clear goals, and keep savings separate to avoid spending them by mistake. [Source: Central Bank guidance ]",0.36923076923076925,0.4033333333333333,0.3862820512820513,Chichewa,Budgeting & Saving
Kodi kutumphuka ndi chidwi zimasokoneza bwanji ndalama zanga? Kodi ndingachite bwanji izi zotsika mtengo?,Kukwera kumachepetsa kugula mphamvu; Cholinga cha zida zosakanikirana zomwe zimatha kusamala ndi kuchuluka kwake. [Zoyambitsa: Reserve banki of Malawi],How do inflation and interest affect my savings? How can I do this cheaply?,Inflation reduces buying power; aim for a mix of instruments that can keep pace with inflation. [Source: Reserve Bank of Malawi],0.6333333333333333,0.64,0.6366666666666667,Chichewa,Investing basics
Kodi ndilingalire zochuluka motani kupulumutsa mwezi uliwonse mtsogolo? Kodi izi zikupezeka kumidzi?,Cholinga chosunga gawo lokhazikika la ndalama; Sungani ndalama ndikuwunika pachaka. [Zogwedetsa: SM Mtsogoleri],How much should I aim to save each month for the future? Is this available in rural areas?,Aim to save a steady percentage of income; automate savings and review yearly. [Source: SME guides],0.9333333333333333,0.5,0.7166666666666667,Chichewa,Financial Planning & Retirement
Kodi ndimayika bwanji zonena za kutaya mbewu? Kodi ndingachite bwanji izi zotsika mtengo?,Index kapena inshuwaransi yamagulu imatha kukhala yotsika mtengo kwa alimi ang'onoang'ono; Onani zoyambitsa ndi zopereka malamulo. [Gwero: IFID],How do I file a claim for crop loss? How can I do this cheaply?,Index or group insurance can be affordable for small farmers; check triggers and claim rules. [Source: IFAD],0.6,0.8588235294117647,0.7294117647058823,Chichewa,Insurance & Risk
Kodi ndi ziti zomwe zingapulumuke kuwononga mabanja? Kodi ndiyenera kusamalira chiyani?,"Yambani zing'onozing'ono, khalani ndi zolinga zomveka bwino, ndipo sungani ndalama zolekanitsa kuti musagwiritse ntchito molakwika. [Gwero: GSMA]",What are affordable saving habits for families? What should I watch out for?,"Start small, set clear goals, and keep savings separate to avoid spending them by mistake. [Source: GSMA ]",0.19999999999999998,0.26666666666666666,0.23333333333333334,Chichewa,Budgeting & Saving
Kodi ndiyenera kusintha mapulogalamu anga ati? Ndani angandithandizire ndi izi?,Zosintha za chitetezo patch; Khazikitsani mapulogalamu kuti musinthe zokha komwe kuli kotheka. [Gwero: NGO Phunziro lazachuma],When should I update my banking apps? Who can help me with this?,Updates patch security issues; set apps to update automatically where possible. [Source: NGO financial education],0.32307692307692304,0.8,0.5615384615384615,Chichewa,Digital Financial Literacy
Kodi ndingapewe bwanji kugwa mu msampha? Kodi ndingachite bwanji izi zotsika mtengo?,"Kubwereka zomwe mungabwezere, werengani mawu, ndipo pewani obwereketsa ndi malonjezo osatheka. [Zoyambitsa: Reserve banki of Malawi]",How can I avoid falling into a debt trap? How can I do this cheaply?,"Borrow only what you can repay, read terms, and avoid lenders with unrealistic promises. [Source: Reserve Bank of Malawi]",0.5,0.968421052631579,0.7342105263157894,Chichewa,Credit & Loans
Kodi ndingapange bwanji mawu achinsinsi a akaunti yanga? Kodi ndingachite bwanji izi zotsika mtengo?,Gwiritsani ntchito mapasiwedi achisanu ndi apadera komanso njira yosavuta yosungira (ngati manejala achinsinsi) ngati zingatheke. [Gwero: IFID],How can I create a strong password for my accounts? How can I do this cheaply?,"Use long, unique passwords and a simple way to store them (like a password manager) if possible. [Source: IFAD]",0.9076923076923077,0.7,0.8038461538461539,Chichewa,Digital Financial Literacy
Kodi zizindikiro zodziwika bwino za tsamba la kukokola ndi chinyengo? Kodi ndiyenera kusamalira chiyani?,"Ngati atapempha ndalama zakutsogolo kapena kwanu, mwina ndi vuto; Tsimikizani kudzera munjira zovomerezeka ndipo musathamangire. [Gwero: IFID]",What are common signs of a phishing website? What should I watch out for?,"If an offer asks for money up-front or personal codes, it is likely a scam; verify through official channels and do not rush. [Source: IFAD]",0.41538461538461535,0.464,0.4396923076923077,Chichewa,Fraud Prevention & Scams
Kodi ndimadziteteza bwanji ku ziphuphu? Ndani angandithandizire ndi izi?,"Ngati atapempha ndalama zakutsogolo kapena kwanu, mwina ndi vuto; Tsimikizani kudzera munjira zovomerezeka ndipo musathamangire. [Source: Wothandizira inshuwaransi]",How do I protect myself from investment scams? Who can help me with this?,"If an offer asks for money up-front or personal codes, it is likely a scam; verify through official channels and do not rush. [Source: Insurance regulator]",0.6142857142857142,0.5435897435897437,0.5789377289377289,Chichewa,Fraud Prevention & Scams
Kodi ndimalumikiza bwanji akaunti yanga ya banki kupita ku ndalama zam'manja? Kodi izi zikupezeka kumidzi?,Kulumikizana kumapangitsa kusiyanasiyana; Tsimikizani njirayi ndi banki yanu ndikuyang'ana ngongole yaying'ono. [Zoyambitsa: Reserve banki of Malawi],How do I link my bank account to mobile money? Is this available in rural areas?,Linking makes transfers easy; confirm the procedure with your bank and watch for small test debits. [Source: Reserve Bank of Malawi],1.0,0.73,0.865,Chichewa,Banking & Mobile Money
Kodi ndimapangira bwanji kubzala mtengo? Kodi ndingachite bwanji izi zotsika mtengo?,"Kuwerengera ndalama, kupatula pasanjidwe, ndikusunga pafupipafupi pokolola kubzala. [Source: Wothandizira inshuwaransi]",How do I budget for planting season costs? How can I do this cheaply?,"Estimate input costs, set aside a contingency, and save regularly during harvest to cover planting. [Source: Insurance regulator]",0.3272727272727272,0.3,0.3136363636363636,Chichewa,Small Business & Farming Finance
Kodi kuli kotetezeka kuwerengera ndalama zazing'ono mu gulu losunga ndalama? Kodi ndiyenera kusamalira chiyani?,"Funsani mawu omveka bwino, sungani umboni wa zochitika, ndipo gwiritsani ntchito njira zovomerezeka. [Gwero: IFC]",Is it safe to invest small amounts in a savings group? What should I watch out for?,"Ask for clear terms, keep proof of transactions, and use official channels for services. [Source: IFC]",0.5882352941176471,0.36,0.47411764705882353,Chichewa,Investing basics
Kodi ndimapangira bwanji kubzala mtengo? Kodi ndiyenera kusamalira chiyani?,"Kuwerengera ndalama, kupatula pasanjidwe, ndikusunga pafupipafupi pokolola kubzala. [Gwero: IFC]",How do I budget for planting season costs? What should I watch out for?,"Estimate input costs, set aside a contingency, and save regularly during harvest to cover planting. [Source: IFC]",0.23076923076923078,0.17647058823529413,0.20361990950226244,Chichewa,Small Business & Farming Finance
Kodi ndimakwaniritsa bwanji ndalama zanga zomwe ndalama zimakhala zochepa? Kodi ndingachite bwanji izi zotsika mtengo?,"Phimbani zofunikira (chakudya, nyumba), kenako perekani pangozi zadzidzidzi musanafunike. [Gwero: IFID]",How do I prioritize my expenses when income is low? How can I do this cheaply?,"Cover essentials first (food, housing), then set aside for emergencies before wants. [Source: IFAD ]",0.32307692307692304,0.72,0.5215384615384615,Chichewa,Budgeting & Saving
Kodi ndimakwaniritsa bwanji ndalama zanga zomwe ndalama zimakhala zochepa? Kodi ndiyenera kusamalira chiyani?,"Phimbani zofunikira (chakudya, nyumba), kenako perekani pangozi zadzidzidzi musanafunike. [Gwero: NGO Phunziro lazachuma]",How do I prioritize my expenses when income is low? What should I watch out for?,"Cover essentials first (food, housing), then set aside for emergencies before wants. [Source: NGO financial education ]",0.24,0.7176470588235294,0.4788235294117647,Chichewa,Budgeting & Saving
Kodi chiwongola dzanja chimakhudza bwanji ndalama zanga pamwezi? Kodi ndingachite bwanji izi zotsika mtengo?,Chidwi chapamwamba chimatsikira ndalama zomwe mwezi uliwonse amalipira pamwezi; Sankhani mtengo wotsika kwambiri (yerekezerani apr). [Gwero: Fao],How do interest rates affect my monthly payment? How can I do this cheaply?,Higher interest increases monthly payments; choose the lowest total cost (compare APR). [Source: FAO],0.9,0.8285714285714285,0.8642857142857143,Chichewa,Credit & Loans
Kodi zizindikiro zodziwika bwino za tsamba la kukokola ndi chinyengo? Kodi izi zikupezeka kumidzi?,"Ngati atapempha ndalama zakutsogolo kapena kwanu, mwina ndi vuto; Tsimikizani kudzera munjira zovomerezeka ndipo musathamangire. [Dzuwa: Chitsogozo cha banki]",What are common signs of a phishing website? Is this available in rural areas?,"If an offer asks for money up-front or personal codes, it is likely a scam; verify through official channels and do not rush. [Source: Bank guidance]",0.5571428571428572,0.5205128205128204,0.5388278388278388,Chichewa,Fraud Prevention & Scams
Kodi ndiyenera kusintha mapulogalamu anga ati? Kodi ndiyenera kusamalira chiyani?,Zosintha za chitetezo patch; Khazikitsani mapulogalamu kuti musinthe zokha komwe kuli kotheka. [Gwero: Fao],When should I update my banking apps? What should I watch out for?,Updates patch security issues; set apps to update automatically where possible. [Source: FAO],0.1636363636363636,0.8615384615384616,0.5125874125874126,Chichewa,Digital Financial Literacy
Kodi ndi ziti zomwe zingapulumuke kuwononga mabanja? Kodi izi zikupezeka kumidzi?,"Yambani zing'onozing'ono, khalani ndi zolinga zomveka bwino, ndipo sungani ndalama zolekanitsa kuti musagwiritse ntchito molakwika. [Gwero: GSMA]",What are affordable saving habits for families? Is this available in rural areas?,"Start small, set clear goals, and keep savings separate to avoid spending them by mistake. [Source: GSMA ]",0.36923076923076925,0.26666666666666666,0.31794871794871793,Chichewa,Budgeting & Saving
Kodi ndimakwaniritsa bwanji ndalama zanga zomwe ndalama zimakhala zochepa? Ndani angandithandizire ndi izi?,"Phimbani zofunikira (chakudya, nyumba), kenako perekani pangozi zadzidzidzi musanafunike. [Dzuwa: Malangizo a Telefoni]",How do I prioritize my expenses when income is low? Who can help me with this?,"Cover essentials first (food, housing), then set aside for emergencies before wants. [Source: Mobile operator guidance ]",0.375,0.6470588235294118,0.5110294117647058,Chichewa,Budgeting & Saving
Kodi Ndingazindikire Bwanji Ngongole Yabodza? Kodi ndingachite bwanji izi zotsika mtengo?,"Ngati atapempha ndalama zakutsogolo kapena kwanu, mwina ndi vuto; Tsimikizani kudzera munjira zovomerezeka ndipo musathamangire. [Gwero: IFID]",How can I recognize a fake loan offer? How can I do this cheaply?,"If an offer asks for money up-front or personal codes, it is likely a scam; verify through official channels and do not rush. [Source: IFAD]",0.8363636363636364,0.464,0.6501818181818182,Chichewa,Fraud Prevention & Scams
Kodi Ndiyenera Kudziwa Zokhudza Mabizinesi Ang'onoang'ono? Kodi ndingachite bwanji izi zotsika mtengo?,Microcredit imatha kuthandiza mabizinesi ang'ono koma onani ndalama ndi kubweza mawu mosamala. [Zoyambitsa: IMF],What should I know about microcredit for small businesses? How can I do this cheaply?,Microcredit can help small businesses but check fees and repayment terms carefully. [Source: IMF],0.7142857142857142,0.9571428571428572,0.8357142857142856,Chichewa,Credit & Loans
Ndi mitundu yanji ya inshuwaransi yomwe alimi ang'onoang'ono amakhala? Kodi ndiyenera kusamalira chiyani?,Index kapena inshuwaransi yamagulu imatha kukhala yotsika mtengo kwa alimi ang'onoang'ono; Onani zoyambitsa ndi zopereka malamulo. [Dzuwa: Chitsogozo cha banki banki],What kinds of insurance can small farmers get? What should I watch out for?,Index or group insurance can be affordable for small farmers; check triggers and claim rules. [Source: Central Bank guidance],0.7230769230769231,0.8105263157894738,0.7668016194331984,Chichewa,Insurance & Risk
Kodi chiwongola dzanja chimakhudza bwanji ndalama zanga pamwezi? Kodi ndiyenera kusamalira chiyani?,Chidwi chapamwamba chimatsikira ndalama zomwe mwezi uliwonse amalipira pamwezi; Sankhani mtengo wotsika kwambiri (yerekezerani apr). [Gwero: Fao],How do interest rates affect my monthly payment? What should I watch out for?,Higher interest increases monthly payments; choose the lowest total cost (compare APR). [Source: FAO],0.7428571428571429,0.8285714285714285,0.7857142857142857,Chichewa,Credit & Loans
Kodi kutsimikizika kwa zinthu ziwiri ndi chiyani ndikugwiritsa ntchito? Kodi ndingachite bwanji izi zotsika mtengo?,Awiri-amawonjezera owonjezera owonjezera (code kapena biometric) amapangitsa maakaunti kukhala ovuta kwambiri kufikira akuba. [Gwero: IFID],What is two-factor authentication and why use it? How can I do this cheaply?,Two-factor adds an extra layer (code or biometric) making accounts much harder to access by thieves. [Source: IFAD],0.7571428571428571,0.6333333333333333,0.6952380952380952,Chichewa,Digital Financial Literacy
Kodi zizindikiro zodziwika bwino za tsamba la kukokola ndi chinyengo? Kodi ndingachite bwanji izi zotsika mtengo?,"Ngati atapempha ndalama zakutsogolo kapena kwanu, mwina ndi vuto; Tsimikizani kudzera munjira zovomerezeka ndipo musathamangire. [Gwero: NGO Phunziro lazachuma]",What are common signs of a phishing website? How can I do this cheaply?,"If an offer asks for money up-front or personal codes, it is likely a scam; verify through official channels and do not rush. [Source: NGO financial education]",0.5571428571428572,0.4666666666666667,0.5119047619047619,Chichewa,Fraud Prevention & Scams
Kodi Maofesi Amafuna Bwanji Kuti Alimi Apeze Zachuma? Kodi ndingachite bwanji izi zotsika mtengo?,"Makamaka mamembala a Pool kuti mupeze ndalama, zopereka zambiri, komanso mitengo yabwino. [Dzuwa: Chitsogozo cha banki banki]",How can cooperatives help farmers access finance? How can I do this cheaply?,"Cooperatives pool members to access finance, bulk inputs, and better prices. [Source: Central Bank guidance]",0.5818181818181818,0.64,0.6109090909090908,Chichewa,Small Business & Farming Finance
Kodi ndikupenda bwanji mkangano ndi banki? Kodi ndiyenera kusamalira chiyani?,"Funsani mawu omveka bwino, sungani umboni wa zochitika, ndipo gwiritsani ntchito njira zovomerezeka. [Gwero: CGAPE]",How do I escalate a dispute with a bank? What should I watch out for?,"Ask for clear terms, keep proof of transactions, and use official channels for services. [Source: CGAP]",0.8153846153846154,0.32,0.5676923076923077,Chichewa,Consumer Protection & Fraud Awareness
Kodi tingayerekeze bwanji kuti ayamikire mabizinesi ang'onoang'ono? Kodi ndiyenera kusamalira chiyani?,Chotsani ndalama zonse kuchokera ku malonda ndikugawana ndi malonda kuti mupeze malire; Tsatirani pafupipafupi kusintha mitengo. [Dzuwa: Ogwiritsa Ntchito Ogula],How to estimate profit margins for small businesses? What should I watch out for?,Subtract total costs from sales and divide by sales to get a margin; track regularly to adjust prices. [Source: Consumer Protection Authority],0.5,0.3,0.4,Chichewa,Small Business & Farming Finance
Kodi ndimayika bwanji zonena za kutaya mbewu? Kodi ndiyenera kusamalira chiyani?,Index kapena inshuwaransi yamagulu imatha kukhala yotsika mtengo kwa alimi ang'onoang'ono; Onani zoyambitsa ndi zopereka malamulo. [Dzuwa: Ogwiritsa Ntchito Ogula],How do I file a claim for crop loss? What should I watch out for?,Index or group insurance can be affordable for small farmers; check triggers and claim rules. [Source: Consumer Protection Authority],0.5,0.6105263157894737,0.5552631578947369,Chichewa,Insurance & Risk
Kodi njira yabwino yosungira ndalama ndi ziti? Kodi ndingachite bwanji izi zotsika mtengo?,Khazikitsani thumba lozama: Sungani pang'ono sabata iliyonse kotero ndalama zimapezeka. [Dzuwa: Malangizo a Telefoni],What is the best way to save for school fees? How can I do this cheaply?,Set up a sinking fund: save a little each week so fees are available when due. [Source: Mobile operator guidance ],0.8875,0.67,0.77875,Chichewa,Budgeting & Saving
Kodi ndimatsata bwanji ndalama zazing'ono zatsiku ndi tsiku? Kodi ndingachite bwanji izi zotsika mtengo?,Lembani ndalama za tsiku ndi tsiku kapena gwiritsani ntchito pulogalamu yosavuta kuwona komwe ndalama zimayendera ndikudula mtengo. [Gwero: NGO Phunziro lazachuma],How do I track small daily expenses effectively? How can I do this cheaply?,Write down daily spending or use a simple app to see where money goes and cut avoidable costs. [Source: NGO financial education ],0.8363636363636364,0.817391304347826,0.8268774703557312,Chichewa,Budgeting & Saving
Kodi ndingapange bwanji mawu achinsinsi a akaunti yanga? Ndani angandithandizire ndi izi?,Gwiritsani ntchito mapasiwedi achisanu ndi apadera komanso njira yosavuta yosungira (ngati manejala achinsinsi) ngati zingatheke. [Source: Wothandizira inshuwaransi],How can I create a strong password for my accounts? Who can help me with this?,"Use long, unique passwords and a simple way to store them (like a password manager) if possible. [Source: Insurance regulator]",0.92,0.9052631578947368,0.9126315789473685,Chichewa,Digital Financial Literacy
Kodi simputa yanji ndi momwe mungapewere? Ndani angandithandizire ndi izi?,Lumikizanani ndi opaleshoni yanu kuti muwonjezere zowonjezera zosintha ndipo sizigawana ndi Otps kapena zikhomo. [Zoyambitsa: IMF],What is SIM swap fraud and how to avoid it? Who can help me with this?,Contact your operator to add extra checks for changes and never share OTPs or PINs. [Source: IMF],0.44999999999999996,0.8235294117647058,0.6367647058823529,Chichewa,Digital Financial Literacy
Kodi Kukongola Kubwereka Ndi Chiyani? Kodi ndingachite bwanji izi zotsika mtengo?,"Kubwereka zomwe mungabwezere, werengani mawu, ndipo pewani obwereketsa ndi malonjezo osatheka. [Gwero: IFC]",What is responsible borrowing? How can I do this cheaply?,"Borrow only what you can repay, read terms, and avoid lenders with unrealistic promises. [Source: IFC]",0.9400000000000001,0.9625,0.95125,Chichewa,Credit & Loans
Kodi pali kusiyana kotani pakati pa ngongole zotetezeka komanso zosavomerezeka? Kodi izi zikupezeka kumidzi?,Ngongole zotetezedwa zimafunikira mndandanda wautali ndipo nthawi zambiri zimakhala ndi mitengo yotsika; Ngongole zosavomerezeka sizifuna cometeral. [Gwero: CGAPE],What is the difference between secured and unsecured loans? Is this available in rural areas?,Secured loans need collateral and often have lower rates; unsecured loans do not require collateral but cost more. [Source: CGAP],1.0,0.7666666666666667,0.8833333333333333,Chichewa,Credit & Loans
Kodi simputa yanji ndi momwe mungapewere? Kodi ndingachite bwanji izi zotsika mtengo?,Lumikizanani ndi opaleshoni yanu kuti muwonjezere zowonjezera zosintha ndipo sizigawana ndi Otps kapena zikhomo. [Gwero: IFID],What is SIM swap fraud and how to avoid it? How can I do this cheaply?,Contact your operator to add extra checks for changes and never share OTPs or PINs. [Source: IFAD],0.43999999999999995,0.7882352941176471,0.6141176470588235,Chichewa,Digital Financial Literacy
Kodi pali kusiyana kotani pakati pa ngongole zotetezeka komanso zosavomerezeka? Kodi ndiyenera kusamalira chiyani?,Ngongole zotetezedwa zimafunikira mndandanda wautali ndipo nthawi zambiri zimakhala ndi mitengo yotsika; Ngongole zosavomerezeka sizifuna cometeral. [Dzuwa: Chitsogozo cha banki],What is the difference between secured and unsecured loans? What should I watch out for?,Secured loans need collateral and often have lower rates; unsecured loans do not require collateral but cost more. [Source: Bank guidance],0.8714285714285714,0.7473684210526317,0.8093984962406016,Chichewa,Credit & Loans
Kodi ndalama zochokera kumasitolo othandizira ndi chiyani? Kodi ndiyenera kusamalira chiyani?,Ndalama zimasiyana ndi opereka; Funsani wothandizira wanu kapena kuyang'ana mndandanda wamtengo musanachotse. [Gwero: NGO Phunziro lazachuma],What are the fees for withdrawing from agent shops? What should I watch out for?,Fees vary by provider; ask your agent or check the price list before you withdraw. [Source: NGO financial education],0.2571428571428571,0.6736842105263158,0.46541353383458645,Chichewa,Banking & Mobile Money
Kodi njira yabwino yosungira ndalama ndi ziti? Ndani angandithandizire ndi izi?,Khazikitsani thumba lozama: Sungani pang'ono sabata iliyonse kotero ndalama zimapezeka. [Zoyambitsa: IMF],What is the best way to save for school fees? Who can help me with this?,Set up a sinking fund: save a little each week so fees are available when due. [Source: IMF ],0.8875,0.7333333333333334,0.8104166666666667,Chichewa,Budgeting & Saving
Kodi ndimapangira bwanji kubzala mtengo? Ndani angandithandizire ndi izi?,"Kuwerengera ndalama, kupatula pasanjidwe, ndikusunga pafupipafupi pokolola kubzala. [Gwero: IFID]",How do I budget for planting season costs? Who can help me with this?,"Estimate input costs, set aside a contingency, and save regularly during harvest to cover planting. [Source: IFAD]",0.38571428571428573,0.07058823529411765,0.2281512605042017,Chichewa,Small Business & Farming Finance
Kodi Ndiyenera Kudziwa Zokhudza Mabizinesi Ang'onoang'ono? Ndani angandithandizire ndi izi?,Microcredit imatha kuthandiza mabizinesi ang'ono koma onani ndalama ndi kubweza mawu mosamala. [Gwero: NGO Phunziro lazachuma],What should I know about microcredit for small businesses? Who can help me with this?,Microcredit can help small businesses but check fees and repayment terms carefully. [Source: NGO financial education],0.72,0.8875,0.80375,Chichewa,Credit & Loans
Kodi pulani yosavuta yopuma pantchito yanji? Kodi ndingachite bwanji izi zotsika mtengo?,Cholinga chosunga gawo lokhazikika la ndalama; Sungani ndalama ndikuwunika pachaka. [Dzuwa: Chitsogozo cha banki],What is a simple retirement saving plan for informal workers? How can I do this cheaply?,Aim to save a steady percentage of income; automate savings and review yearly. [Source: Bank guidance],0.4125,0.5774999999999999,0.49499999999999994,Chichewa,Financial Planning & Retirement
Kodi ndikupenda bwanji mkangano ndi banki? Ndani angandithandizire ndi izi?,"Funsani mawu omveka bwino, sungani umboni wa zochitika, ndipo gwiritsani ntchito njira zovomerezeka. [Dzuwa: Chitsogozo cha banki banki]",How do I escalate a dispute with a bank? Who can help me with this?,"Ask for clear terms, keep proof of transactions, and use official channels for services. [Source: Central Bank guidance]",0.9538461538461539,0.4823529411764706,0.7180995475113122,Chichewa,Consumer Protection & Fraud Awareness
Kodi ndikupenda bwanji mkangano ndi banki? Kodi izi zikupezeka kumidzi?,"Funsani mawu omveka bwino, sungani umboni wa zochitika, ndipo gwiritsani ntchito njira zovomerezeka. [Gwero: Fao]",How do I escalate a dispute with a bank? Is this available in rural areas?,"Ask for clear terms, keep proof of transactions, and use official channels for services. [Source: FAO]",0.9571428571428572,0.36,0.6585714285714286,Chichewa,Consumer Protection & Fraud Awareness
Kodi ndalama zotsika kwambiri ndi ziti? Kodi ndingachite bwanji izi zotsika mtengo?,Zosankha zotsika kwambiri zimaphatikizapo zomangira za boma kapena ndalama zopangidwa; Chongani mwayi ndi zochepa. [Gwero: GSMA],What are low-risk investment options for beginners? How can I do this cheaply?,Low-risk options include some government bonds or diversified funds; check access and minimums. [Source: GSMA],0.32307692307692304,0.52,0.42153846153846153,Chichewa,Investing basics
Kodi ndimadziteteza bwanji ku ziphuphu? Kodi izi zikupezeka kumidzi?,"Ngati atapempha ndalama zakutsogolo kapena kwanu, mwina ndi vuto; Tsimikizani kudzera munjira zovomerezeka ndipo musathamangire. [Gwero: NGO Phunziro lazachuma]",How do I protect myself from investment scams? Is this available in rural areas?,"If an offer asks for money up-front or personal codes, it is likely a scam; verify through official channels and do not rush. [Source: NGO financial education]",0.6142857142857142,0.4666666666666667,0.5404761904761904,Chichewa,Fraud Prevention & Scams
Ndi zinthu ziti zomwe ndiyenera kutenga ngati ndalama zanga zam'manja zabedwa? Kodi ndingachite bwanji izi zotsika mtengo?,Nenani kwa wogwiritsa ntchito mafoni anu ndi banki nthawi yomweyo ndikupereka umboni ngati ma SMS ndi ID. [Dzuwa: Chitsogozo cha banki banki],What steps should I take if my mobile money is stolen? How can I do this cheaply?,Report to your mobile operator and bank immediately and provide evidence like SMS and transaction IDs. [Source: Central Bank guidance],0.925,0.5529411764705883,0.7389705882352942,Chichewa,Fraud Prevention & Scams
Kodi ndimayang'ana bwanji ndalama zanga zam'manja? Kodi izi zikupezeka kumidzi?,Chongani pogwiritsa ntchito pulogalamu yovomerezeka kapena nambala ya USD ndikusunga ma sms kuchenjeza kuti mutsimikizire zochitika. [Zoyambitsa: IMF],How do I check my mobile money balance safely? Is this available in rural areas?,Check using the official app or USSD code and keep SMS alerts active to confirm transactions. [Source: IMF],0.6799999999999999,0.9,0.79,Chichewa,Banking & Mobile Money
Ndi zinthu ziti zomwe ndiyenera kutenga ngati ndalama zanga zam'manja zabedwa? Kodi ndiyenera kusamalira chiyani?,Nenani kwa wogwiritsa ntchito mafoni anu ndi banki nthawi yomweyo ndikupereka umboni ngati ma SMS ndi ID. [Gwero: GSMA],What steps should I take if my mobile money is stolen? What should I watch out for?,Report to your mobile operator and bank immediately and provide evidence like SMS and transaction IDs. [Source: GSMA],0.8285714285714285,0.6499999999999999,0.7392857142857142,Chichewa,Fraud Prevention & Scams
Kodi tingayerekeze bwanji kuti ayamikire mabizinesi ang'onoang'ono? Ndani angandithandizire ndi izi?,Chotsani ndalama zonse kuchokera ku malonda ndikugawana ndi malonda kuti mupeze malire; Tsatirani pafupipafupi kusintha mitengo. [Gwero: Fao],How to estimate profit margins for small businesses? Who can help me with this?,Subtract total costs from sales and divide by sales to get a margin; track regularly to adjust prices. [Source: FAO],0.6285714285714286,0.5666666666666667,0.5976190476190476,Chichewa,Small Business & Farming Finance
Kodi pali kusiyana kotani pakati pa moyo ndi maliro? Kodi ndiyenera kusamalira chiyani?,Moyo kapena chivundikiro pamalipiro amalipira anthu otchedwa anthu; Fananizani ndalama ndi zotumphukira. [Gwero: IFC],What is the difference between life and funeral cover? What should I watch out for?,Life or funeral cover pays a benefit to named persons; compare premiums and exclusions. [Source: IFC],0.38571428571428573,0.7,0.5428571428571428,Chichewa,Insurance & Risk
Kodi ndimalumikiza bwanji akaunti yanga ya banki kupita ku ndalama zam'manja? Kodi ndiyenera kusamalira chiyani?,Kulumikizana kumapangitsa kusiyanasiyana; Tsimikizani njirayi ndi banki yanu ndikuyang'ana ngongole yaying'ono. [Dzuwa: Malangizo a Telefoni],How do I link my bank account to mobile money? What should I watch out for?,Linking makes transfers easy; confirm the procedure with your bank and watch for small test debits. [Source: Mobile operator guidance],0.88,0.61,0.745,Chichewa,Banking & Mobile Money
Kodi pali kusiyana kotani pakati pa ngongole zotetezeka komanso zosavomerezeka? Ndani angandithandizire ndi izi?,Ngongole zotetezedwa zimafunikira mndandanda wautali ndipo nthawi zambiri zimakhala ndi mitengo yotsika; Ngongole zosavomerezeka sizifuna cometeral. [Zoyambitsa: IMF],What is the difference between secured and unsecured loans? Who can help me with this?,Secured loans need collateral and often have lower rates; unsecured loans do not require collateral but cost more. [Source: IMF],1.0,0.8,0.9,Chichewa,Credit & Loans
Ndi zikalata ziti zomwe zikufunika kuti mutsegule akaunti ya banki yoyambira? Kodi izi zikupezeka kumidzi?,Nthawi zambiri id ndi chitsimikizo cha adilesi; Maakaunti ang'onoang'ono amatha kuvomera zolemba zosavuta. [Zogwedetsa: SM Mtsogoleri],What documents are needed to open a basic bank account? Is this available in rural areas?,Typically an ID and proof of address; smaller accounts may accept simpler documentation. [Source: SME guides],0.9625,0.6625000000000001,0.8125,Chichewa,Banking & Mobile Money
Zoyenera kuchita ngati ntchito ikundiweruza kuti ndi ndalama zopanda chilungamo? Kodi ndingachite bwanji izi zotsika mtengo?,"Funsani mawu omveka bwino, sungani umboni wa zochitika, ndipo gwiritsani ntchito njira zovomerezeka. [Zogwedetsa: SM Mtsogoleri]",What to do if a service charges me unfair fees? How can I do this cheaply?,"Ask for clear terms, keep proof of transactions, and use official channels for services. [Source: SME guides]",0.6,0.2625,0.43125,Chichewa,Consumer Protection & Fraud Awareness
Kodi kugwiritsa ntchito intaneti kuli kotetezeka bwanji? Ndani angandithandizire ndi izi?,Pewani zochitika zamalonda pa Wi-Fi; Gwiritsani ntchito deta yam'manja kapena vpn ndikusintha mapulogalamu pafupipafupi. [Zogwedetsa: SM Mtsogoleri],How safe is using public Wi-Fi for banking? Who can help me with this?,Avoid sensitive transactions on public Wi-Fi; use mobile data or a VPN and update apps regularly. [Source: SME guides],0.5857142857142857,0.3789473684210526,0.48233082706766917,Chichewa,Digital Financial Literacy
Ndi zikalata ziti zomwe zikufunika kuti mutsegule akaunti ya banki yoyambira? Kodi ndiyenera kusamalira chiyani?,Nthawi zambiri id ndi chitsimikizo cha adilesi; Maakaunti ang'onoang'ono amatha kuvomera zolemba zosavuta. [Source: Wothandizira inshuwaransi],What documents are needed to open a basic bank account? What should I watch out for?,Typically an ID and proof of address; smaller accounts may accept simpler documentation. [Source: Insurance regulator],0.84,0.7375,0.7887500000000001,Chichewa,Banking & Mobile Money
Kodi Ndingayambe Bwanji Bajeti Yanyumba? Kodi ndiyenera kusamalira chiyani?,"Pangani mndandanda wosavuta wa ndalama ndi ndalama zolipirira, ikani zinthu zofunika kwambiri nthawi zonse mukalandira ndalama. [Dzuwa: Malangizo a Telefoni]",How can I start a household budget? What should I watch out for?,"Make a simple list of income and expenses, set priorities, and save a small fixed amount every time you receive money. [Source: Mobile operator guidance ]",0.75,0.625,0.6875,Chichewa,Budgeting & Saving
Kodi ndimalumikiza bwanji akaunti yanga ya banki kupita ku ndalama zam'manja? Ndani angandithandizire ndi izi?,Kulumikizana kumapangitsa kusiyanasiyana; Tsimikizani njirayi ndi banki yanu ndikuyang'ana ngongole yaying'ono. [Gwero: IFC],How do I link my bank account to mobile money? Who can help me with this?,Linking makes transfers easy; confirm the procedure with your bank and watch for small test debits. [Source: IFC],1.0,0.7,0.85,Chichewa,Banking & Mobile Money
Kodi malo ogulitsira ang'ono ayenera kukhala ndi ngongole yanji? Ndani angandithandizire ndi izi?,Sungani mbiri yosavuta yogulitsa komanso ndalama zolipirira kuti muwonetse ndalama zoyendera ndi kuthandizira ngongole. [Gwero: CGAPE],What records should small shops keep for a loan? Who can help me with this?,Keep simple sales and expense records to show cash flow and support loan applications. [Source: CGAP],0.39999999999999997,0.27999999999999997,0.33999999999999997,Chichewa,Small Business & Farming Finance
Kodi ndimatsata bwanji ndalama zazing'ono zatsiku ndi tsiku? Ndani angandithandizire ndi izi?,Lembani ndalama za tsiku ndi tsiku kapena gwiritsani ntchito pulogalamu yosavuta kuwona komwe ndalama zimayendera ndikudula mtengo. [Gwero: IFC],How do I track small daily expenses effectively? Who can help me with this?,Write down daily spending or use a simple app to see where money goes and cut avoidable costs. [Source: IFC ],0.8714285714285714,0.8285714285714285,0.85,Chichewa,Budgeting & Saving
Kodi ndimayang'ana bwanji ndalama zanga zam'manja? Ndani angandithandizire ndi izi?,Chongani pogwiritsa ntchito pulogalamu yovomerezeka kapena nambala ya USD ndikusunga ma sms kuchenjeza kuti mutsimikizire zochitika. [Source: Wothandizira inshuwaransi],How do I check my mobile money balance safely? Who can help me with this?,Check using the official app or USSD code and keep SMS alerts active to confirm transactions. [Source: Insurance regulator],0.6799999999999999,0.8736842105263158,0.7768421052631579,Chichewa,Banking & Mobile Money
Kodi ndalama zam'manja zikuyenda bwanji poyerekeza ndi banki? Ndani angandithandizire ndi izi?,Onse akhoza kukhala otetezeka ngati mungateteze pini yanu ndi foni; Banks imatha kupereka chitetezo chokhazikika pomwe ndalama zam'magalimoto ndizosavuta. [Dzuwa: Chitsogozo cha banki],How secure is mobile money compared to a bank? Who can help me with this?,Both can be secure if you protect your PIN and phone; banks may offer deposit protection while mobile money is convenient. [Source: Bank guidance],0.92,0.5249999999999999,0.7224999999999999,Chichewa,Banking & Mobile Money
Kodi ndimayika bwanji zonena za kutaya mbewu? Kodi izi zikupezeka kumidzi?,Index kapena inshuwaransi yamagulu imatha kukhala yotsika mtengo kwa alimi ang'onoang'ono; Onani zoyambitsa ndi zopereka malamulo. [Gwero: Fao],How do I file a claim for crop loss? Is this available in rural areas?,Index or group insurance can be affordable for small farmers; check triggers and claim rules. [Source: FAO],0.6399999999999999,0.8941176470588235,0.7670588235294117,Chichewa,Insurance & Risk
Kodi ndimawerenga bwanji mgwirizano wobwereketsa? Kodi ndiyenera kusamalira chiyani?,"Funsani mawu omveka bwino, sungani umboni wa zochitika, ndipo gwiritsani ntchito njira zovomerezeka. [Gwero: IFID]",How do I read a loan contract properly? What should I watch out for?,"Ask for clear terms, keep proof of transactions, and use official channels for services. [Source: IFAD]",0.27692307692307694,0.32,0.29846153846153844,Chichewa,Consumer Protection & Fraud Awareness
Kodi njira yabwino yosungira ndalama ndi ziti? Kodi izi zikupezeka kumidzi?,Khazikitsani thumba lozama: Sungani pang'ono sabata iliyonse kotero ndalama zimapezeka. [Dzuwa: Malangizo a Telefoni],What is the best way to save for school fees? Is this available in rural areas?,Set up a sinking fund: save a little each week so fees are available when due. [Source: Mobile operator guidance ],0.88,0.67,0.775,Chichewa,Budgeting & Saving
Kodi ndingapange bwanji mawu achinsinsi a akaunti yanga? Kodi ndiyenera kusamalira chiyani?,Gwiritsani ntchito mapasiwedi achisanu ndi apadera komanso njira yosavuta yosungira (ngati manejala achinsinsi) ngati zingatheke. [Zoyambitsa: IMF],How can I create a strong password for my accounts? What should I watch out for?,"Use long, unique passwords and a simple way to store them (like a password manager) if possible. [Source: IMF]",0.8,0.7333333333333334,0.7666666666666667,Chichewa,Digital Financial Literacy
Kodi kugwiritsa ntchito intaneti kuli kotetezeka bwanji? Kodi izi zikupezeka kumidzi?,Pewani zochitika zamalonda pa Wi-Fi; Gwiritsani ntchito deta yam'manja kapena vpn ndikusintha mapulogalamu pafupipafupi. [Source: Wothandizira inshuwaransi],How safe is using public Wi-Fi for banking? Is this available in rural areas?,Avoid sensitive transactions on public Wi-Fi; use mobile data or a VPN and update apps regularly. [Source: Insurance regulator],0.5692307692307692,0.6421052631578947,0.605668016194332,Chichewa,Digital Financial Literacy
Kodi ziphuphu zimagwiritsa ntchito bwanji media zothandizira kuti zisachichenje? Kodi ndingachite bwanji izi zotsika mtengo?,"If an offer asks for money up-front or personal codes, it is likely a scam; verify through official channels and do not rush. [Source: SME guides]",How do scammers use social media to commit fraud? How can I do this cheaply?,"If an offer asks for money up-front or personal codes, it is likely a scam; verify through official channels and do not rush. [Source: SME guides]",0.41538461538461535,0.0,0.20769230769230768,Chichewa,Fraud Prevention & Scams
What should I know about microcredit for small businesses? Is this available in rural areas?,Microcredit can help small businesses but check fees and repayment terms carefully. [Source: Reserve Bank of Malawi],What should I know about microcredit for small businesses? Is this available in rural areas?,Microcredit can help small businesses but check fees and repayment terms carefully. [Source: Reserve Bank of Malawi],0.0,0.0,0.0,Chichewa,Credit & Loans
What is a common tip to manage money #1?,"Ask for clear terms, keep proof of transactions, and use official channels for services. [Source: CGAP]",What is a common tip to manage money #1?,"Ask for clear terms, keep proof of transactions, and use official channels for services. [Source: CGAP]",0.0,0.0,0.0,Chichewa,Banking & Mobile Money
What is a common tip to manage money #2?,"Ask for clear terms, keep proof of transactions, and use official channels for services. [Source: NGO financial education]",What is a common tip to manage money #2?,"Ask for clear terms, keep proof of transactions, and use official channels for services. [Source: NGO financial education]",0.0,0.0,0.0,Chichewa,Digital Financial Literacy
What is a common tip to manage money #3?,"Ask for clear terms, keep proof of transactions, and use official channels for services. [Source: IFC]",What is a common tip to manage money #3?,"Ask for clear terms, keep proof of transactions, and use official channels for services. [Source: IFC]",0.0,0.0,0.0,Chichewa,Budgeting & Saving
What is a common tip to manage money #4?,Check the local regulator or consumer protection authority for official guidance and complaint steps. [Source: Central Bank guidance],What is a common tip to manage money #4?,Check the local regulator or consumer protection authority for official guidance and complaint steps. [Source: Central Bank guidance],0.0,0.0,0.0,Chichewa,Financial Rights & Regulations
What is a common tip to manage money #5?,"Ask for clear terms, keep proof of transactions, and use official channels for services. [Source: Reserve Bank of Malawi]",What is a common tip to manage money #5?,"Ask for clear terms, keep proof of transactions, and use official channels for services. [Source: Reserve Bank of Malawi]",0.0,0.0,0.0,Chichewa,Budgeting & Saving
What is a common tip to manage money #6?,Check the local regulator or consumer protection authority for official guidance and complaint steps. [Source: Reserve Bank of Malawi],What is a common tip to manage money #6?,Check the local regulator or consumer protection authority for official guidance and complaint steps. [Source: Reserve Bank of Malawi],0.0,0.0,0.0,Chichewa,Financial Rights & Regulations
What is a common tip to manage money #7?,"Ask for clear terms, keep proof of transactions, and use official channels for services. [Source: Bank guidance]",What is a common tip to manage money #7?,"Ask for clear terms, keep proof of transactions, and use official channels for services. [Source: Bank guidance]",0.0,0.0,0.0,Chichewa,Investing basics
What is a common tip to manage money #8?,"Ask for clear terms, keep proof of transactions, and use official channels for services. [Source: GSMA]",What is a common tip to manage money #8?,"Ask for clear terms, keep proof of transactions, and use official channels for services. [Source: GSMA]",0.0,0.0,0.0,Chichewa,Banking & Mobile Money
What is a common tip to manage money #9?,"Ask for clear terms, keep proof of transactions, and use official channels for services. [Source: Bank guidance]",What is a common tip to manage money #9?,"Ask for clear terms, keep proof of transactions, and use official channels for services. [Source: Bank guidance]",0.0,0.0,0.0,Chichewa,Investing basics
What is a common tip to manage money #10?,"Ask for clear terms, keep proof of transactions, and use official channels for services. [Source: IMF]",What is a common tip to manage money #10?,"Ask for clear terms, keep proof of transactions, and use official channels for services. [Source: IMF]",0.0,0.0,0.0,Chichewa,Investing basics
What is a common tip to manage money #11?,"Ask for clear terms, keep proof of transactions, and use official channels for services. [Source: World Bank]",What is a common tip to manage money #11?,"Ask for clear terms, keep proof of transactions, and use official channels for services. [Source: World Bank]",0.0,0.0,0.0,Chichewa,Financial Planning & Retirement
What is a common tip to manage money #12?,"Ask for clear terms, keep proof of transactions, and use official channels for services. [Source: IMF]",What is a common tip to manage money #12?,"Ask for clear terms, keep proof of transactions, and use official channels for services. [Source: IMF]",0.0,0.0,0.0,Chichewa,Banking & Mobile Money
What is a common tip to manage money #13?,"Ask for clear terms, keep proof of transactions, and use official channels for services. [Source: NGO financial education]",What is a common tip to manage money #13?,"Ask for clear terms, keep proof of transactions, and use official channels for services. [Source: NGO financial education]",0.0,0.0,0.0,Chichewa,Digital Financial Literacy
What is a common tip to manage money #14?,"Ask for clear terms, keep proof of transactions, and use official channels for services. [Source: Mobile operator guidance]",What is a common tip to manage money #14?,"Ask for clear terms, keep proof of transactions, and use official channels for services. [Source: Mobile operator guidance]",0.0,0.0,0.0,Chichewa,Consumer Protection & Fraud Awareness
What is a common tip to manage money #15?,"Ask for clear terms, keep proof of transactions, and use official channels for services. [Source: IFC]",What is a common tip to manage money #15?,"Ask for clear terms, keep proof of transactions, and use official channels for services. [Source: IFC]",0.0,0.0,0.0,Chichewa,Small Business & Farming Finance
What is a common tip to manage money #16?,"Ask for clear terms, keep proof of transactions, and use official channels for services. [Source: IFC]",What is a common tip to manage money #16?,"Ask for clear terms, keep proof of transactions, and use official channels for services. [Source: IFC]",0.0,0.0,0.0,Chichewa,Small Business & Farming Finance
What is a common tip to manage money #17?,"Ask for clear terms, keep proof of transactions, and use official channels for services. [Source: IFAD]",What is a common tip to manage money #17?,"Ask for clear terms, keep proof of transactions, and use official channels for services. [Source: IFAD]",0.0,0.0,0.0,Chichewa,Insurance & Risk
What is a common tip to manage money #18?,"Ask for clear terms, keep proof of transactions, and use official channels for services. [Source: Central Bank guidance]",What is a common tip to manage money #18?,"Ask for clear terms, keep proof of transactions, and use official channels for services. [Source: Central Bank guidance]",0.0,0.0,0.0,Chichewa,Banking & Mobile Money
What is a common tip to manage money #19?,"Ask for clear terms, keep proof of transactions, and use official channels for services. [Source: CGAP]",What is a common tip to manage money #19?,"Ask for clear terms, keep proof of transactions, and use official channels for services. [Source: CGAP]",0.0,0.0,0.0,Chichewa,Consumer Protection & Fraud Awareness
What is a common tip to manage money #20?,"Ask for clear terms, keep proof of transactions, and use official channels for services. [Source: Central Bank guidance]",What is a common tip to manage money #20?,"Ask for clear terms, keep proof of transactions, and use official channels for services. [Source: Central Bank guidance]",0.0,0.0,0.0,Chichewa,Digital Financial Literacy
What is a common tip to manage money #21?,"Ask for clear terms, keep proof of transactions, and use official channels for services. [Source: Mobile operator guidance]",What is a common tip to manage money #21?,"Ask for clear terms, keep proof of transactions, and use official channels for services. [Source: Mobile operator guidance]",0.0,0.0,0.0,Chichewa,Small Business & Farming Finance
What is a common tip to manage money #22?,"Ask for clear terms, keep proof of transactions, and use official channels for services. [Source: IMF]",What is a common tip to manage money #22?,"Ask for clear terms, keep proof of transactions, and use official channels for services. [Source: IMF]",0.0,0.0,0.0,Chichewa,Budgeting & Saving
What is a common tip to manage money #23?,"Funsani mawu omveka bwino, sungani umboni wa zochitika, ndipo gwiritsani ntchito njira zovomerezeka. [Gwero: banki World]",What is a common tip to manage money #23?,"Ask for clear terms, keep proof of transactions, and use official channels for services. [Source: World Bank]",0.0,0.575,0.2875,Chichewa,Insurance & Risk
Kodi gawo lodziwika bwino la ndalama # 24 ndi liti?,"Funsani mawu omveka bwino, sungani umboni wa zochitika, ndipo gwiritsani ntchito njira zovomerezeka. [Gwero: CGAPE]",What is a common tip to manage money #24?,"Ask for clear terms, keep proof of transactions, and use official channels for services. [Source: CGAP]",0.6666666666666667,0.32,0.4933333333333334,Chichewa,Financial Planning & Retirement
Kodi gawo lodziwika bwino la ndalama ndi liti?,"Funsani mawu omveka bwino, sungani umboni wa zochitika, ndipo gwiritsani ntchito njira zovomerezeka. [Gwero: IFC]",What is a common tip to manage money #25?,"Ask for clear terms, keep proof of transactions, and use official channels for services. [Source: IFC]",0.19999999999999998,0.36,0.27999999999999997,Chichewa,Banking & Mobile Money
Kodi gawo lodziwika bwino la ndalama ndi liti?,"Funsani mawu omveka bwino, sungani umboni wa zochitika, ndipo gwiritsani ntchito njira zovomerezeka. [Zoyambitsa: Reserve banki of Malawi]",What is a common tip to manage money #26?,"Ask for clear terms, keep proof of transactions, and use official channels for services. [Source: Reserve Bank of Malawi]",0.19999999999999998,0.5882352941176471,0.3941176470588235,Chichewa,Small Business & Farming Finance
Kodi gawo lodziwika bwino la ndalama # 27 ndi liti?,"Funsani mawu omveka bwino, sungani umboni wa zochitika, ndipo gwiritsani ntchito njira zovomerezeka. [Zoyambitsa: IMF]",What is a common tip to manage money #27?,"Ask for clear terms, keep proof of transactions, and use official channels for services. [Source: IMF]",0.7333333333333334,0.36,0.5466666666666666,Chichewa,Consumer Protection & Fraud Awareness
Kodi gawo lodziwika bwino la ndalama # 28 ndi liti?,"Funsani mawu omveka bwino, sungani umboni wa zochitika, ndipo gwiritsani ntchito njira zovomerezeka. [Gwero: NGO Phunziro lazachuma]",What is a common tip to manage money #28?,"Ask for clear terms, keep proof of transactions, and use official channels for services. [Source: NGO financial education]",0.6666666666666667,0.3176470588235294,0.49215686274509807,Chichewa,Insurance & Risk
Kodi gawo lodziwika bwino kuti lizisamalira ndalama ndi liti # 29?,"Funsani mawu omveka bwino, sungani umboni wa zochitika, ndipo gwiritsani ntchito njira zovomerezeka. [Source: Wothandizira inshuwaransi]",What is a common tip to manage money #29?,"Ask for clear terms, keep proof of transactions, and use official channels for services. [Source: Insurance regulator]",0.6666666666666667,0.5375,0.6020833333333333,Chichewa,Insurance & Risk
Kodi gawo lodziwika bwino la ndalama # 30 ndi liti?,"Funsani mawu omveka bwino, sungani umboni wa zochitika, ndipo gwiritsani ntchito njira zovomerezeka. [Gwero: CGAPE]",What is a common tip to manage money #30?,"Ask for clear terms, keep proof of transactions, and use official channels for services. [Source: CGAP]",0.19999999999999998,0.32,0.26,Chichewa,Budgeting & Saving
Kodi gawo lodziwika bwino la ndalama ndi liti?,"Funsani mawu omveka bwino, sungani umboni wa zochitika, ndipo gwiritsani ntchito njira zovomerezeka. [Dzuwa: Chitsogozo cha banki]",What is a common tip to manage money #31?,"Ask for clear terms, keep proof of transactions, and use official channels for services. [Source: Bank guidance]",0.19999999999999998,0.5,0.35,Chichewa,Credit & Loans
Kodi gawo lodziwika bwino la ndalama # 32 ndi liti?,"Funsani mawu omveka bwino, sungani umboni wa zochitika, ndipo gwiritsani ntchito njira zovomerezeka. [Dzuwa: Ogwiritsa Ntchito Ogula]",What is a common tip to manage money #32?,"Ask for clear terms, keep proof of transactions, and use official channels for services. [Source: Consumer Protection Authority]",0.6666666666666667,0.2823529411764706,0.47450980392156866,Chichewa,Fraud Prevention & Scams
Kodi gawo lodziwika bwino la ndalama # 33?,"Funsani mawu omveka bwino, sungani umboni wa zochitika, ndipo gwiritsani ntchito njira zovomerezeka. [Zoyambitsa: Reserve banki of Malawi]",What is a common tip to manage money #33?,"Ask for clear terms, keep proof of transactions, and use official channels for services. [Source: Reserve Bank of Malawi]",0.13333333333333333,0.5882352941176471,0.3607843137254902,Chichewa,Budgeting & Saving
Kodi gawo lodziwika bwino la ndalama # 34 ndi liti?,"Funsani mawu omveka bwino, sungani umboni wa zochitika, ndipo gwiritsani ntchito njira zovomerezeka. [Gwero: GSMA]",What is a common tip to manage money #34?,"Ask for clear terms, keep proof of transactions, and use official channels for services. [Source: GSMA]",0.6666666666666667,0.36,0.5133333333333334,Chichewa,Consumer Protection & Fraud Awareness
Kodi gawo lodziwika bwino kuti liziyang'anira ndalama ndi chiyani # 35?,"Funsani mawu omveka bwino, sungani umboni wa zochitika, ndipo gwiritsani ntchito njira zovomerezeka. [Gwero: IFC]",What is a common tip to manage money #35?,"Ask for clear terms, keep proof of transactions, and use official channels for services. [Source: IFC]",0.7333333333333334,0.36,0.5466666666666666,Chichewa,Digital Financial Literacy
Kodi gawo lodziwika bwino la ndalama # 36?,"Funsani mawu omveka bwino, sungani umboni wa zochitika, ndipo gwiritsani ntchito njira zovomerezeka. [Gwero: NGO Phunziro lazachuma]",What is a common tip to manage money #36?,"Ask for clear terms, keep proof of transactions, and use official channels for services. [Source: NGO financial education]",0.6666666666666667,0.3176470588235294,0.49215686274509807,Chichewa,Investing basics
Kodi gawo lodziwika bwino kuti lisayendetse ndalama ndi liti # 37?,"Funsani mawu omveka bwino, sungani umboni wa zochitika, ndipo gwiritsani ntchito njira zovomerezeka. [Gwero: IFC]",What is a common tip to manage money #37?,"Ask for clear terms, keep proof of transactions, and use official channels for services. [Source: IFC]",0.7333333333333334,0.36,0.5466666666666666,Chichewa,Credit & Loans
Kodi Liti Liti Lalikulu Likuyang'anira Ndalama # 38?,"Funsani mawu omveka bwino, sungani umboni wa zochitika, ndipo gwiritsani ntchito njira zovomerezeka. [Dzuwa: Chitsogozo cha banki]",What is a common tip to manage money #38?,"Ask for clear terms, keep proof of transactions, and use official channels for services. [Source: Bank guidance]",0.6,0.5,0.55,Chichewa,Insurance & Risk
Kodi gawo lodziwika bwino la ndalama # 39 ndi liti?,"Funsani mawu omveka bwino, sungani umboni wa zochitika, ndipo gwiritsani ntchito njira zovomerezeka. [Gwero: Fao]",What is a common tip to manage money #39?,"Ask for clear terms, keep proof of transactions, and use official channels for services. [Source: FAO]",0.6666666666666667,0.36,0.5133333333333334,Chichewa,Credit & Loans
Kodi gawo lodziwika bwino la ndalama # 40 ndi liti?,"Funsani mawu omveka bwino, sungani umboni wa zochitika, ndipo gwiritsani ntchito njira zovomerezeka. [Dzuwa: Malangizo a Telefoni]",What is a common tip to manage money #40?,"Ask for clear terms, keep proof of transactions, and use official channels for services. [Source: Mobile operator guidance]",0.26666666666666666,0.24705882352941175,0.2568627450980392,Chichewa,Fraud Prevention & Scams
Kodi gawo lodziwika bwino kuti lisayendetse ndalama ndi liti # 41?,"Funsani mawu omveka bwino, sungani umboni wa zochitika, ndipo gwiritsani ntchito njira zovomerezeka. [Gwero: banki World]",What is a common tip to manage money #41?,"Ask for clear terms, keep proof of transactions, and use official channels for services. [Source: World Bank]",0.7333333333333334,0.575,0.6541666666666667,Chichewa,Credit & Loans
Kodi gawo lodziwika bwino la ndalama # 42 ndi liti?,"Funsani mawu omveka bwino, sungani umboni wa zochitika, ndipo gwiritsani ntchito njira zovomerezeka. [Zogwedetsa: SM Mtsogoleri]",What is a common tip to manage money #42?,"Ask for clear terms, keep proof of transactions, and use official channels for services. [Source: SME guides]",0.6666666666666667,0.2625,0.46458333333333335,Chichewa,Financial Planning & Retirement
Kodi gawo lodziwika bwino la ndalama # 43 ndi liti?,"Funsani mawu omveka bwino, sungani umboni wa zochitika, ndipo gwiritsani ntchito njira zovomerezeka. [Dzuwa: Chitsogozo cha banki]",What is a common tip to manage money #43?,"Ask for clear terms, keep proof of transactions, and use official channels for services. [Source: Bank guidance]",0.6666666666666667,0.5,0.5833333333333334,Chichewa,Consumer Protection & Fraud Awareness
Kodi gawo lodziwika bwino la ndalama # 44 ndi liti?,"Funsani mawu omveka bwino, sungani umboni wa zochitika, ndipo gwiritsani ntchito njira zovomerezeka. [Dzuwa: Chitsogozo cha banki]",What is a common tip to manage money #44?,"Ask for clear terms, keep proof of transactions, and use official channels for services. [Source: Bank guidance]",0.7333333333333334,0.5,0.6166666666666667,Chichewa,Financial Planning & Retirement
Kodi gawo lodziwika bwino la ndalama # 45 ndi liti?,"Funsani mawu omveka bwino, sungani umboni wa zochitika, ndipo gwiritsani ntchito njira zovomerezeka. [Dzuwa: Ogwiritsa Ntchito Ogula]",What is a common tip to manage money #45?,"Ask for clear terms, keep proof of transactions, and use official channels for services. [Source: Consumer Protection Authority]",0.26666666666666666,0.2823529411764706,0.27450980392156865,Chichewa,Credit & Loans
Kodi gawo lodziwika bwino kuti lizisamalira ndalama # 46?,"Funsani mawu omveka bwino, sungani umboni wa zochitika, ndipo gwiritsani ntchito njira zovomerezeka. [Dzuwa: Ogwiritsa Ntchito Ogula]",What is a common tip to manage money #46?,"Ask for clear terms, keep proof of transactions, and use official channels for services. [Source: Consumer Protection Authority]",0.6666666666666667,0.2823529411764706,0.47450980392156866,Chichewa,Digital Financial Literacy
Kodi gawo lodziwika bwino kuti lisayendetse ndalama ndi liti # 47?,"Funsani mawu omveka bwino, sungani umboni wa zochitika, ndipo gwiritsani ntchito njira zovomerezeka. [Dzuwa: Ogwiritsa Ntchito Ogula]",What is a common tip to manage money #47?,"Ask for clear terms, keep proof of transactions, and use official channels for services. [Source: Consumer Protection Authority]",0.8,0.2823529411764706,0.5411764705882354,Chichewa,Financial Planning & Retirement
Kodi gawo lodziwika bwino la ndalama # 48 ndi liti?,"Funsani mawu omveka bwino, sungani umboni wa zochitika, ndipo gwiritsani ntchito njira zovomerezeka. [Source: Wothandizira inshuwaransi]",What is a common tip to manage money #48?,"Ask for clear terms, keep proof of transactions, and use official channels for services. [Source: Insurance regulator]",0.19999999999999998,0.5375,0.36874999999999997,Chichewa,Insurance & Risk
Kodi gawo lodziwika bwino la ndalama # 49 ndi liti?,"Funsani mawu omveka bwino, sungani umboni wa zochitika, ndipo gwiritsani ntchito njira zovomerezeka. [Gwero: Fao]",What is a common tip to manage money #49?,"Ask for clear terms, keep proof of transactions, and use official channels for services. [Source: FAO]",0.6666666666666667,0.36,0.5133333333333334,Chichewa,Fraud Prevention & Scams
Kodi gawo lodziwika bwino la ndalama # 50 ndi liti?,"Funsani mawu omveka bwino, sungani umboni wa zochitika, ndipo gwiritsani ntchito njira zovomerezeka. [Gwero: IFC]",What is a common tip to manage money #50?,"Ask for clear terms, keep proof of transactions, and use official channels for services. [Source: IFC]",0.26666666666666666,0.36,0.31333333333333335,Chichewa,Investing basics
Kodi gawo lodziwika bwino kuti lisayendetse ndalama ndi liti # 51?,"Funsani mawu omveka bwino, sungani umboni wa zochitika, ndipo gwiritsani ntchito njira zovomerezeka. [Gwero: IFC]",What is a common tip to manage money #51?,"Ask for clear terms, keep proof of transactions, and use official channels for services. [Source: IFC]",0.7333333333333334,0.36,0.5466666666666666,Chichewa,Credit & Loans
Kodi gawo lodziwika bwino la ndalama # 52 ndi liti?,"Funsani mawu omveka bwino, sungani umboni wa zochitika, ndipo gwiritsani ntchito njira zovomerezeka. [Dzuwa: Chitsogozo cha banki banki]",What is a common tip to manage money #52?,"Ask for clear terms, keep proof of transactions, and use official channels for services. [Source: Central Bank guidance]",0.26666666666666666,0.4823529411764706,0.37450980392156863,Chichewa,Credit & Loans
Kodi gawo lodziwika bwino la ndalama # 53 ndi liti?,"Funsani mawu omveka bwino, sungani umboni wa zochitika, ndipo gwiritsani ntchito njira zovomerezeka. [Zogwedetsa: SM Mtsogoleri]",What is a common tip to manage money #53?,"Ask for clear terms, keep proof of transactions, and use official channels for services. [Source: SME guides]",0.7333333333333334,0.2625,0.4979166666666667,Chichewa,Financial Planning & Retirement
Kodi gawo lodziwika bwino la ndalama # 54 ndi liti?,"Funsani mawu omveka bwino, sungani umboni wa zochitika, ndipo gwiritsani ntchito njira zovomerezeka. [Gwero: GSMA]",What is a common tip to manage money #54?,"Ask for clear terms, keep proof of transactions, and use official channels for services. [Source: GSMA]",0.26666666666666666,0.36,0.31333333333333335,Chichewa,Fraud Prevention & Scams
Kodi Liti Liti Lalikulu Kugwiritsa Ntchito Ndalama # 55?,Yang'anani Authority kapena Ogwiritsa Ntchito chitetezo choteteza boma ndi kudandaula. [Dzuwa: Malangizo a Telefoni],What is a common tip to manage money #55?,Check the local regulator or consumer protection authority for official guidance and complaint steps. [Source: Mobile operator guidance],0.6666666666666667,0.6333333333333333,0.65,Chichewa,Financial Rights & Regulations
Kodi gawo lodziwika bwino la ndalama # 56 ndi liti?,"Funsani mawu omveka bwino, sungani umboni wa zochitika, ndipo gwiritsani ntchito njira zovomerezeka. [Dzuwa: Malangizo a Telefoni]",What is a common tip to manage money #56?,"Ask for clear terms, keep proof of transactions, and use official channels for services. [Source: Mobile operator guidance]",0.26666666666666666,0.24705882352941175,0.2568627450980392,Chichewa,Consumer Protection & Fraud Awareness
Kodi gawo lodziwika bwino la ndalama # 57 ndi liti?,"Funsani mawu omveka bwino, sungani umboni wa zochitika, ndipo gwiritsani ntchito njira zovomerezeka. [Zogwedetsa: SM Mtsogoleri]",What is a common tip to manage money #57?,"Ask for clear terms, keep proof of transactions, and use official channels for services. [Source: SME guides]",0.7333333333333334,0.2625,0.4979166666666667,Chichewa,Insurance & Risk
Kodi gawo lodziwika bwino la ndalama # 58 ndi liti?,Yang'anani Authority kapena Ogwiritsa Ntchito chitetezo choteteza boma ndi kudandaula. [Dzuwa: Chitsogozo cha banki],What is a common tip to manage money #58?,Check the local regulator or consumer protection authority for official guidance and complaint steps. [Source: Bank guidance],0.26666666666666666,0.6823529411764706,0.4745098039215686,Chichewa,Financial Rights & Regulations
Kodi gawo lodziwika bwino la ndalama # 59 ndi liti?,"Funsani mawu omveka bwino, sungani umboni wa zochitika, ndipo gwiritsani ntchito njira zovomerezeka. [Gwero: CGAPE]",What is a common tip to manage money #59?,"Ask for clear terms, keep proof of transactions, and use official channels for services. [Source: CGAP]",0.7333333333333334,0.32,0.5266666666666667,Chichewa,Budgeting & Saving
Kodi gawo lodziwika bwino la ndalama ndi liti?,"Funsani mawu omveka bwino, sungani umboni wa zochitika, ndipo gwiritsani ntchito njira zovomerezeka. [Gwero: banki World]",What is a common tip to manage money #60?,"Ask for clear terms, keep proof of transactions, and use official channels for services. [Source: World Bank]",0.19999999999999998,0.575,0.38749999999999996,Chichewa,Digital Financial Literacy
Kodi gawo lodziwika bwino kuti lisayendetse ndalama # 61 ndi liti?,"Funsani mawu omveka bwino, sungani umboni wa zochitika, ndipo gwiritsani ntchito njira zovomerezeka. [Gwero: GSMA]",What is a common tip to manage money #61?,"Ask for clear terms, keep proof of transactions, and use official channels for services. [Source: GSMA]",0.6666666666666667,0.36,0.5133333333333334,Chichewa,Financial Planning & Retirement
Kodi gawo lodziwika bwino la ndalama # 62 ndi liti?,"Funsani mawu omveka bwino, sungani umboni wa zochitika, ndipo gwiritsani ntchito njira zovomerezeka. [Dzuwa: Ogwiritsa Ntchito Ogula]",What is a common tip to manage money #62?,"Ask for clear terms, keep proof of transactions, and use official channels for services. [Source: Consumer Protection Authority]",0.26666666666666666,0.2823529411764706,0.27450980392156865,Chichewa,Financial Planning & Retirement
Kodi gawo lodziwika bwino la ndalama # 63?,"Funsani mawu omveka bwino, sungani umboni wa zochitika, ndipo gwiritsani ntchito njira zovomerezeka. [Dzuwa: Chitsogozo cha banki]",What is a common tip to manage money #63?,"Ask for clear terms, keep proof of transactions, and use official channels for services. [Source: Bank guidance]",0.19999999999999998,0.5,0.35,Chichewa,Small Business & Farming Finance
Kodi gawo lodziwika bwino la ndalama # 64 ndi liti?,"Funsani mawu omveka bwino, sungani umboni wa zochitika, ndipo gwiritsani ntchito njira zovomerezeka. [Gwero: GSMA]",What is a common tip to manage money #64?,"Ask for clear terms, keep proof of transactions, and use official channels for services. [Source: GSMA]",0.26666666666666666,0.36,0.31333333333333335,Chichewa,Small Business & Farming Finance
Kodi gawo lodziwika bwino la ndalama # 65 ndi liti?,"Funsani mawu omveka bwino, sungani umboni wa zochitika, ndipo gwiritsani ntchito njira zovomerezeka. [Source: Wothandizira inshuwaransi]",What is a common tip to manage money #65?,"Ask for clear terms, keep proof of transactions, and use official channels for services. [Source: Insurance regulator]",0.26666666666666666,0.5375,0.40208333333333335,Chichewa,Financial Planning & Retirement
Kodi gawo lodziwika bwino kuti mugwiritse ntchito ndalama # 66?,"Funsani mawu omveka bwino, sungani umboni wa zochitika, ndipo gwiritsani ntchito njira zovomerezeka. [Zoyambitsa: Reserve banki of Malawi]",What is a common tip to manage money #66?,"Ask for clear terms, keep proof of transactions, and use official channels for services. [Source: Reserve Bank of Malawi]",0.7333333333333334,0.5882352941176471,0.6607843137254903,Chichewa,Investing basics
Kodi gawo lodziwika bwino kuti lisayendetse ndalama # 67?,"Funsani mawu omveka bwino, sungani umboni wa zochitika, ndipo gwiritsani ntchito njira zovomerezeka. [Zoyambitsa: Reserve banki of Malawi]",What is a common tip to manage money #67?,"Ask for clear terms, keep proof of transactions, and use official channels for services. [Source: Reserve Bank of Malawi]",0.6666666666666667,0.5882352941176471,0.6274509803921569,Chichewa,Small Business & Farming Finance
Kodi gawo lodziwika bwino la ndalama # 68 ndi liti?,"Funsani mawu omveka bwino, sungani umboni wa zochitika, ndipo gwiritsani ntchito njira zovomerezeka. [Zoyambitsa: Reserve banki of Malawi]",What is a common tip to manage money #68?,"Ask for clear terms, keep proof of transactions, and use official channels for services. [Source: Reserve Bank of Malawi]",0.26666666666666666,0.5882352941176471,0.4274509803921569,Chichewa,Investing basics
Kodi Liti Liti Lalikulu Kugwiritsa Ntchito Ndalama # 69?,"Funsani mawu omveka bwino, sungani umboni wa zochitika, ndipo gwiritsani ntchito njira zovomerezeka. [Gwero: CGAPE]",What is a common tip to manage money #69?,"Ask for clear terms, keep proof of transactions, and use official channels for services. [Source: CGAP]",0.6666666666666667,0.32,0.4933333333333334,Chichewa,Digital Financial Literacy
Kodi gawo lodziwika bwino la ndalama # 70 ndi liti?,Yang'anani Authority kapena Ogwiritsa Ntchito chitetezo choteteza boma ndi kudandaula. [Gwero: IFC],What is a common tip to manage money #70?,Check the local regulator or consumer protection authority for official guidance and complaint steps. [Source: IFC],0.26666666666666666,0.7375,0.5020833333333333,Chichewa,Financial Rights & Regulations
Kodi gawo lodziwika bwino la ndalama # 71 ndi liti?,"Funsani mawu omveka bwino, sungani umboni wa zochitika, ndipo gwiritsani ntchito njira zovomerezeka. [Dzuwa: Chitsogozo cha banki banki]",What is a common tip to manage money #71?,"Ask for clear terms, keep proof of transactions, and use official channels for services. [Source: Central Bank guidance]",0.6666666666666667,0.4823529411764706,0.5745098039215687,Chichewa,Fraud Prevention & Scams
Kodi gawo lodziwika bwino la ndalama # 72 ndi liti?,"Funsani mawu omveka bwino, sungani umboni wa zochitika, ndipo gwiritsani ntchito njira zovomerezeka. [Gwero: GSMA]",What is a common tip to manage money #72?,"Ask for clear terms, keep proof of transactions, and use official channels for services. [Source: GSMA]",0.19999999999999998,0.36,0.27999999999999997,Chichewa,Investing basics
Kodi gawo lodziwika bwino la ndalama # 73 ndi liti?,"Funsani mawu omveka bwino, sungani umboni wa zochitika, ndipo gwiritsani ntchito njira zovomerezeka. [Dzuwa: Malangizo a Telefoni]",What is a common tip to manage money #73?,"Ask for clear terms, keep proof of transactions, and use official channels for services. [Source: Mobile operator guidance]",0.19999999999999998,0.24705882352941175,0.22352941176470587,Chichewa,Consumer Protection & Fraud Awareness
Kodi gawo lodziwika bwino la ndalama # 74 ndi liti?,"Funsani mawu omveka bwino, sungani umboni wa zochitika, ndipo gwiritsani ntchito njira zovomerezeka. [Source: Wothandizira inshuwaransi]",What is a common tip to manage money #74?,"Ask for clear terms, keep proof of transactions, and use official channels for services. [Source: Insurance regulator]",0.19999999999999998,0.5375,0.36874999999999997,Chichewa,Small Business & Farming Finance
Kodi gawo lodziwika bwino la ndalama # 75 ndi liti?,Yang'anani Authority kapena Ogwiritsa Ntchito chitetezo choteteza boma ndi kudandaula. [Gwero: Fao],What is a common tip to manage money #75?,Check the local regulator or consumer protection authority for official guidance and complaint steps. [Source: FAO],0.26666666666666666,0.7375,0.5020833333333333,Chichewa,Financial Rights & Regulations
Kodi gawo lodziwika bwino la ndalama # 76?,"Funsani mawu omveka bwino, sungani umboni wa zochitika, ndipo gwiritsani ntchito njira zovomerezeka. [Dzuwa: Malangizo a Telefoni]",What is a common tip to manage money #76?,"Ask for clear terms, keep proof of transactions, and use official channels for services. [Source: Mobile operator guidance]",0.19999999999999998,0.24705882352941175,0.22352941176470587,Chichewa,Credit & Loans
Kodi gawo lodziwika bwino la ndalama # 77 ndi liti?,"Funsani mawu omveka bwino, sungani umboni wa zochitika, ndipo gwiritsani ntchito njira zovomerezeka. [Dzuwa: Chitsogozo cha banki banki]",What is a common tip to manage money #77?,"Ask for clear terms, keep proof of transactions, and use official channels for services. [Source: Central Bank guidance]",0.19999999999999998,0.4823529411764706,0.3411764705882353,Chichewa,Fraud Prevention & Scams
Kodi gawo lodziwika bwino la ndalama # 78 ndi liti?,"Funsani mawu omveka bwino, sungani umboni wa zochitika, ndipo gwiritsani ntchito njira zovomerezeka. [Dzuwa: Ogwiritsa Ntchito Ogula]",What is a common tip to manage money #78?,"Ask for clear terms, keep proof of transactions, and use official channels for services. [Source: Consumer Protection Authority]",0.19999999999999998,0.2823529411764706,0.24117647058823527,Chichewa,Banking & Mobile Money
Kodi gawo lodziwika bwino la ndalama # 79 ndi liti?,"Funsani mawu omveka bwino, sungani umboni wa zochitika, ndipo gwiritsani ntchito njira zovomerezeka. [Gwero: IFID]",What is a common tip to manage money #79?,"Ask for clear terms, keep proof of transactions, and use official channels for services. [Source: IFAD]",0.19999999999999998,0.32,0.26,Chichewa,Investing basics
Kodi gawo lodziwika bwino la ndalama # 80 ndi liti?,Yang'anani Authority kapena Ogwiritsa Ntchito chitetezo choteteza boma ndi kudandaula. [Gwero: IFC],What is a common tip to manage money #80?,Check the local regulator or consumer protection authority for official guidance and complaint steps. [Source: IFC],0.26666666666666666,0.7375,0.5020833333333333,Chichewa,Financial Rights & Regulations
Kodi gawo lodziwika bwino la ndalama # 81 ndi liti?,"Funsani mawu omveka bwino, sungani umboni wa zochitika, ndipo gwiritsani ntchito njira zovomerezeka. [Gwero: CGAPE]",What is a common tip to manage money #81?,"Ask for clear terms, keep proof of transactions, and use official channels for services. [Source: CGAP]",0.7333333333333334,0.32,0.5266666666666667,Chichewa,Small Business & Farming Finance
Kodi gawo lodziwika bwino la ndalama # 82 ndi liti?,"Funsani mawu omveka bwino, sungani umboni wa zochitika, ndipo gwiritsani ntchito njira zovomerezeka. [Gwero: IFC]",What is a common tip to manage money #82?,"Ask for clear terms, keep proof of transactions, and use official channels for services. [Source: IFC]",0.26666666666666666,0.36,0.31333333333333335,Chichewa,Credit & Loans
Kodi gawo lodziwika bwino la ndalama # 83?,"Funsani mawu omveka bwino, sungani umboni wa zochitika, ndipo gwiritsani ntchito njira zovomerezeka. [Gwero: Fao]",What is a common tip to manage money #83?,"Ask for clear terms, keep proof of transactions, and use official channels for services. [Source: FAO]",0.19999999999999998,0.36,0.27999999999999997,Chichewa,Fraud Prevention & Scams
Kodi gawo lodziwika bwino la ndalama # 84 ndi liti?,"Funsani mawu omveka bwino, sungani umboni wa zochitika, ndipo gwiritsani ntchito njira zovomerezeka. [Gwero: NGO Phunziro lazachuma]",What is a common tip to manage money #84?,"Ask for clear terms, keep proof of transactions, and use official channels for services. [Source: NGO financial education]",0.26666666666666666,0.3176470588235294,0.292156862745098,Chichewa,Fraud Prevention & Scams
Kodi gawo lodziwika bwino la ndalama # 85 ndi liti?,"Funsani mawu omveka bwino, sungani umboni wa zochitika, ndipo gwiritsani ntchito njira zovomerezeka. [Gwero: NGO Phunziro lazachuma]",What is a common tip to manage money #85?,"Ask for clear terms, keep proof of transactions, and use official channels for services. [Source: NGO financial education]",0.26666666666666666,0.3176470588235294,0.292156862745098,Chichewa,Fraud Prevention & Scams
Kodi gawo lodziwika bwino la ndalama # 86?,"Funsani mawu omveka bwino, sungani umboni wa zochitika, ndipo gwiritsani ntchito njira zovomerezeka. [Zogwedetsa: SM Mtsogoleri]",What is a common tip to manage money #86?,"Ask for clear terms, keep proof of transactions, and use official channels for services. [Source: SME guides]",0.26666666666666666,0.2625,0.26458333333333334,Chichewa,Digital Financial Literacy
Kodi gawo lodziwika bwino la ndalama # 87?,"Funsani mawu omveka bwino, sungani umboni wa zochitika, ndipo gwiritsani ntchito njira zovomerezeka. [Gwero: IFID]",What is a common tip to manage money #87?,"Ask for clear terms, keep proof of transactions, and use official channels for services. [Source: IFAD]",0.26666666666666666,0.32,0.29333333333333333,Chichewa,Budgeting & Saving
Kodi gawo lodziwika bwino la ndalama # 88 ndi liti?,Yang'anani Authority kapena Ogwiritsa Ntchito chitetezo choteteza boma ndi kudandaula. [Gwero: CGAPE],What is a common tip to manage money #88?,Check the local regulator or consumer protection authority for official guidance and complaint steps. [Source: CGAP],0.26666666666666666,0.7,0.4833333333333333,Chichewa,Financial Rights & Regulations
Kodi gawo lodziwika bwino la ndalama # 89 ndi liti?,"Funsani mawu omveka bwino, sungani umboni wa zochitika, ndipo gwiritsani ntchito njira zovomerezeka. [Gwero: NGO Phunziro lazachuma]",What is a common tip to manage money #89?,"Ask for clear terms, keep proof of transactions, and use official channels for services. [Source: NGO financial education]",0.26666666666666666,0.3176470588235294,0.292156862745098,Chichewa,Budgeting & Saving
Kodi gawo lodziwika bwino kuti lisayendetse ndalama ndi liti # 90?,"Funsani mawu omveka bwino, sungani umboni wa zochitika, ndipo gwiritsani ntchito njira zovomerezeka. [Gwero: IFID]",What is a common tip to manage money #90?,"Ask for clear terms, keep proof of transactions, and use official channels for services. [Source: IFAD]",0.7333333333333334,0.32,0.5266666666666667,Chichewa,Banking & Mobile Money
Kodi gawo lodziwika bwino la ndalama # 91 ndi liti?,"Funsani mawu omveka bwino, sungani umboni wa zochitika, ndipo gwiritsani ntchito njira zovomerezeka. [Gwero: GSMA]",What is a common tip to manage money #91?,"Ask for clear terms, keep proof of transactions, and use official channels for services. [Source: GSMA]",0.7333333333333334,0.36,0.5466666666666666,Chichewa,Small Business & Farming Finance
